{"version": {"json_export": "201", "page_segmentation": "5", "schema": "1.1.0", "structure": "1.1081.0", "table_structure": "5"}, "extended_metadata": {"ID_instance": "68 D8 48 73 99 B9 B2 11 0A 00 67 45 8B 6B C6 23 ", "ID_permanent": "45 42 20 43 44 20 34 35 20 37 33 20 39 39 20 42 39 20 42 32 20 31 31 20 30 41 20 30 30 20 36 37 20 34 35 20 38 42 20 36 42 20 43 36 20 32 33 20 ", "has_acroform": false, "has_embedded_files": false, "is_XFA": false, "is_certified": false, "is_encrypted": false, "is_digitally_signed": false, "language": "en", "page_count": 7, "pdf_version": "1.6", "pdfa_compliance_level": "", "pdfua_compliance_level": ""}, "elements": [{"Bounds": [42.0, 752.6701812744141, 345.5799255371094, 786.5026702880859], "Font": {"alt_family_name": "Liberation Sans", "embedded": true, "encoding": "Identity-H", "family_name": "Liberation Sans", "font_type": "CIDFontType2", "italic": false, "monospaced": false, "name": "LiberationSans-Bold", "subset": false, "weight": 700}, "HasClip": true, "Lang": "en", "ObjectID": 126, "Page": 0, "Path": "//Document/Title", "Text": "5. Searching and Indexing ", "TextSize": 24.011703491210938, "attributes": {"LineHeight": 28.875, "SpaceAfter": 18}}, {"Bounds": [42.0, 704.6526794433594, 109.55101013183594, 730.0270690917969], "Font": {"alt_family_name": "Liberation Sans", "embedded": true, "encoding": "Identity-H", "family_name": "Liberation Sans", "font_type": "CIDFontType2", "italic": false, "monospaced": false, "name": "LiberationSans-Bold", "subset": false, "weight": 700}, "HasClip": true, "Lang": "es", "ObjectID": 127, "Page": 0, "Path": "//Document/H1", "Text": "Lucene ", "TextSize": 18.008804321289062, "attributes": {"LineHeight": 21.625, "SpaceAfter": 18}}, {"Bounds": [42.0, 599.7332000732422, 548.1807708740234, 687.1721649169922], "Font": {"alt_family_name": "Liberation Sans", "embedded": true, "encoding": "Identity-H", "family_name": "Liberation Sans", "font_type": "CIDFontType2", "italic": false, "monospaced": false, "name": "LiberationSans", "subset": false, "weight": 400}, "HasClip": true, "Lang": "en", "ObjectID": 128, "Page": 0, "Path": "//Document/P", "Text": "It is an open source Java-based serach library providing APIs for performing common search and serach related tasks like indexing, querying, highlighting, language analysis and many others. It is adopted in popular websites/applications like Twitter, Netflix and Instagram and many other open search based apps. Main capabilities of Lucene are centered on the creation, maintenance and accessibility of Lucene inverted index. ", "TextSize": 12.005905151367188, "attributes": {"LineHeight": 18, "SpaceAfter": 18}}, {"Bounds": [42.0, 560.2100372314453, 108.30226135253906, 581.3553161621094], "Font": {"alt_family_name": "Liberation Sans", "embedded": true, "encoding": "Identity-H", "family_name": "Liberation Sans", "font_type": "CIDFontType2", "italic": false, "monospaced": false, "name": "LiberationSans-Bold", "subset": false, "weight": 700}, "HasClip": true, "Lang": "en", "ObjectID": 129, "Page": 0, "Path": "//Document/H1[2]", "Text": "Features ", "TextSize": 15.007293701171875, "attributes": {"LineHeight": 18, "SpaceAfter": 14.75}}, {"Bounds": [42.0, 532.95068359375, 347.9823760986328, 548.3542633056641], "Font": {"alt_family_name": "Liberation Sans", "embedded": true, "encoding": "Identity-H", "family_name": "Liberation Sans", "font_type": "CIDFontType2", "italic": false, "monospaced": false, "name": "LiberationSans", "subset": false, "weight": 400}, "HasClip": true, "Lang": "en", "ObjectID": 130, "Page": 0, "Path": "//Document/P[2]", "Text": "Lucene features can be broken down into four categories ", "TextSize": 12.005905151367188, "attributes": {"LineHeight": 14.375, "SpaceAfter": 12.125}}, {"Bounds": [52.505096435546875, 502.9359893798828, 65.18333435058594, 518.3395538330078], "Font": {"alt_family_name": "Liberation Sans", "embedded": true, "encoding": "Identity-H", "family_name": "Liberation Sans", "font_type": "CIDFontType2", "italic": false, "monospaced": false, "name": "LiberationSans", "subset": false, "weight": 400}, "HasClip": true, "ObjectID": 131, "Page": 0, "Path": "//Document/L/LI/Lbl", "Text": "1. ", "TextSize": 12.005905151367188}, {"Bounds": [66.01170349121094, 466.9182891845703, 533.46142578125, 518.3395538330078], "Font": {"alt_family_name": "Liberation Sans", "embedded": true, "encoding": "Identity-H", "family_name": "Liberation Sans", "font_type": "CIDFontType2", "italic": false, "monospaced": false, "name": "LiberationSans", "subset": false, "weight": 400}, "HasClip": true, "ObjectID": 132, "Page": 0, "Path": "//Document/L/LI/LBody", "Text": "Language Analysis: The analysis capabilities are responsible for taking in content in the form of documents to be indexed or queries to be searched and converting them to appropriate internal representation that can be used as needed. ", "TextSize": 12.005905151367188}, {"Bounds": [52.505096435546875, 436.9036865234375, 65.18333435058594, 452.3072509765625], "Font": {"alt_family_name": "Liberation Sans", "embedded": true, "encoding": "Identity-H", "family_name": "Liberation Sans", "font_type": "CIDFontType2", "italic": false, "monospaced": false, "name": "LiberationSans", "subset": false, "weight": 400}, "HasClip": true, "ObjectID": 133, "Page": 0, "Path": "//Document/L/LI[2]/Lbl", "Text": "2. ", "TextSize": 12.005905151367188}, {"Bounds": [66.01170349121094, 400.885986328125, 547.4603118896484, 452.3072509765625], "Font": {"alt_family_name": "Liberation Sans", "embedded": true, "encoding": "Identity-H", "family_name": "Liberation Sans", "font_type": "CIDFontType2", "italic": false, "monospaced": false, "name": "LiberationSans", "subset": false, "weight": 400}, "HasClip": true, "ObjectID": 134, "Page": 0, "Path": "//Document/L/LI[2]/LBody", "Text": "Indexing and Storage: Indexing of user defined documents, Storage of user deifned documents, lock-free indexing, Near real time indexing, segmented indexing, abstractions, transactional support. ", "TextSize": 12.005905151367188}, {"Bounds": [52.505096435546875, 370.8713836669922, 65.18333435058594, 386.27496337890625], "Font": {"alt_family_name": "Liberation Sans", "embedded": true, "encoding": "Identity-H", "family_name": "Liberation Sans", "font_type": "CIDFontType2", "italic": false, "monospaced": false, "name": "LiberationSans", "subset": false, "weight": 400}, "HasClip": true, "ObjectID": 135, "Page": 0, "Path": "//Document/L/LI[3]/Lbl", "Text": "3. ", "TextSize": 12.005905151367188}, {"Bounds": [66.00552368164062, 334.8537292480469, 544.8310241699219, 386.27496337890625], "Font": {"alt_family_name": "Liberation Sans", "embedded": true, "encoding": "Identity-H", "family_name": "Liberation Sans", "font_type": "CIDFontType2", "italic": false, "monospaced": false, "name": "LiberationSans", "subset": false, "weight": 400}, "HasClip": true, "ObjectID": 136, "Page": 0, "Path": "//Document/L/LI[3]/LBody", "Text": "Querying: A variety of query options along with the ability to filter, page and sort results as well as perform pseudo relevance feedback. Lucene provides over 50  types of query representations, several query parsers and a query parsing framework. ", "TextSize": 12.005905151367188}, {"Bounds": [52.505096435546875, 304.8390808105469, 65.18333435058594, 320.24266052246094], "Font": {"alt_family_name": "Liberation Sans", "embedded": true, "encoding": "Identity-H", "family_name": "Liberation Sans", "font_type": "CIDFontType2", "italic": false, "monospaced": false, "name": "LiberationSans", "subset": false, "weight": 400}, "HasClip": true, "ObjectID": 137, "Page": 0, "Path": "//Document/L/LI[4]/Lbl", "Text": "4. ", "TextSize": 12.005905151367188}, {"Bounds": [66.01170349121094, 286.8302307128906, 532.7290649414062, 320.24266052246094], "Font": {"alt_family_name": "Liberation Sans", "embedded": true, "encoding": "Identity-H", "family_name": "Liberation Sans", "font_type": "CIDFontType2", "italic": false, "monospaced": false, "name": "LiberationSans", "subset": false, "weight": 400}, "HasClip": true, "ObjectID": 138, "Page": 0, "Path": "//Document/L/LI[4]/LBody", "Text": "Ancillary Features: Ancillary modules contain a variety of capabilities commonly used in building serach-based applications. ", "TextSize": 12.005905151367188}, {"Bounds": [42.0, 247.3069305419922, 280.07582092285156, 268.45220947265625], "Font": {"alt_family_name": "Liberation Sans", "embedded": true, "encoding": "Identity-H", "family_name": "Liberation Sans", "font_type": "CIDFontType2", "italic": false, "monospaced": false, "name": "LiberationSans-Bold", "subset": false, "weight": 700}, "HasClip": true, "Lang": "en", "ObjectID": 139, "Page": 0, "Path": "//Document/H1[3]", "Text": "Architecture and Implementation ", "TextSize": 15.007293701171875, "attributes": {"LineHeight": 18, "SpaceAfter": 18}}, {"Bounds": [42.0, 214.6689453125, 117.03688049316406, 231.58526611328125], "Font": {"alt_family_name": "Liberation Sans", "embedded": true, "encoding": "Identity-H", "family_name": "Liberation Sans", "font_type": "CIDFontType2", "italic": false, "monospaced": false, "name": "LiberationSans-Bold", "subset": false, "weight": 700}, "HasClip": true, "Lang": "en", "ObjectID": 140, "Page": 0, "Path": "//Document/H2", "Text": "Foundations ", "TextSize": 12.005905151367188, "attributes": {"LineHeight": 14.375, "SpaceAfter": 14.125}}, {"Bounds": [52.505096435546875, 187.03147888183594, 65.18333435058594, 202.43505859375], "Font": {"alt_family_name": "Liberation Sans", "embedded": true, "encoding": "Identity-H", "family_name": "Liberation Sans", "font_type": "CIDFontType2", "italic": false, "monospaced": false, "name": "LiberationSans", "subset": false, "weight": 400}, "HasClip": true, "ObjectID": 141, "Page": 0, "Path": "//Document/L[2]/LI/Lbl", "Text": "1. ", "TextSize": 12.005905151367188}, {"Bounds": [66.01170349121094, 187.03147888183594, 546.1288604736328, 202.43505859375], "Font": {"alt_family_name": "Liberation Sans", "embedded": true, "encoding": "Identity-H", "family_name": "Liberation Sans", "font_type": "CIDFontType2", "italic": false, "monospaced": false, "name": "LiberationSans", "subset": false, "weight": 400}, "HasClip": true, "ObjectID": 142, "Page": 0, "Path": "//Document/L[2]/LI/LBody", "Text": "Text Analysis: Text analysis chain produces a stream of tokens from the input data in field. ", "TextSize": 12.005905151367188}, {"Bounds": [52.505096435546875, 157.01678466796875, 65.18333435058594, 172.42034912109375], "Font": {"alt_family_name": "Liberation Sans", "embedded": true, "encoding": "Identity-H", "family_name": "Liberation Sans", "font_type": "CIDFontType2", "italic": false, "monospaced": false, "name": "LiberationSans", "subset": false, "weight": 400}, "HasClip": true, "ObjectID": 143, "Page": 0, "Path": "//Document/L[2]/LI[2]/Lbl", "Text": "2. ", "TextSize": 12.005905151367188}, {"Bounds": [66.01170349121094, 139.0079345703125, 531.4324340820312, 172.42034912109375], "Font": {"alt_family_name": "Liberation Sans", "embedded": true, "encoding": "Identity-H", "family_name": "Liberation Sans", "font_type": "CIDFontType2", "italic": false, "monospaced": false, "name": "LiberationSans", "subset": false, "weight": 400}, "HasClip": true, "ObjectID": 144, "Page": 0, "Path": "//Document/L[2]/LI[2]/LBody", "Text": "Finite State Automata: The in memory portion of the inverted index is implemented with finite state transduces(FST) package. ", "TextSize": 12.005905151367188}, {"Bounds": [41.812408447265625, 414.09104919433594, 553.1875762939453, 785.1475677490234], "ClipBounds": [41.812408447265625, 414.09104919433594, 553.1875762939453, 785.1475677490234], "ObjectID": 230, "Page": 1, "Path": "//Document/Figure", "attributes": {"BBox": [41.99829999999929, 414.2569999999978, 552.9369999999763, 784.9219999999914], "Placement": "Block"}}, {"Bounds": [42.0, 375.24755859375, 94.36973571777344, 392.16387939453125], "ClipBounds": [42.0, 375.24755859375, 94.36973571777344, 392.16387939453125], "Font": {"alt_family_name": "Liberation Sans", "embedded": true, "encoding": "Identity-H", "family_name": "Liberation Sans", "font_type": "CIDFontType2", "italic": false, "monospaced": false, "name": "LiberationSans-Bold", "subset": false, "weight": 700}, "HasClip": true, "Lang": "en", "ObjectID": 231, "Page": 1, "Path": "//Document/H2[2]", "Text": "Indexing ", "TextSize": 12.005905151367188, "attributes": {"LineHeight": 14.375, "SpaceAfter": 10.5}}, {"Bounds": [42.0, 293.58343505859375, 538.8401794433594, 363.01356506347656], "ClipBounds": [42.0, 293.58343505859375, 538.8401794433594, 363.01356506347656], "Font": {"alt_family_name": "Liberation Sans", "embedded": true, "encoding": "Identity-H", "family_name": "Liberation Sans", "font_type": "CIDFontType2", "italic": false, "monospaced": false, "name": "LiberationSans", "subset": false, "weight": 400}, "HasClip": true, "Lang": "en", "ObjectID": 232, "Page": 1, "Path": "//Document/P[3]", "Text": "Lucene uses well-known inverted index representation with additional functionality of keeping adjacent non-inverted data on a per-document basis. Incremental updates are supported and stored in index extents(called segments) that are periodically merged into larger segments to minimize total number of index parts. ", "TextSize": 12.005905151367188, "attributes": {"LineHeight": 18, "TextAlign": "Justify"}}, {"Bounds": [109.34544372558594, 549.9074096679688, 485.654541015625, 785.1474914550781], "ObjectID": 250, "Page": 2, "Path": "//Document/Figure[2]", "attributes": {"BBox": [109.55599999999686, 550.0919999999751, 485.5, 784.9219999999914], "Placement": "Block"}}, {"Bounds": [52.505096435546875, 521.6950988769531, 65.18333435058594, 537.0986633300781], "Font": {"alt_family_name": "Liberation Sans", "embedded": true, "encoding": "Identity-H", "family_name": "Liberation Sans", "font_type": "CIDFontType2", "italic": false, "monospaced": false, "name": "LiberationSans", "subset": false, "weight": 400}, "HasClip": true, "ObjectID": 251, "Page": 2, "Path": "//Document/L[3]/LI/Lbl", "Text": "1. ", "TextSize": 12.005905151367188}, {"Bounds": [66.01170349121094, 485.6773986816406, 552.1065979003906, 537.0986633300781], "Font": {"alt_family_name": "Liberation Sans", "embedded": true, "encoding": "Identity-H", "family_name": "Liberation Sans", "font_type": "CIDFontType2", "italic": false, "monospaced": false, "name": "LiberationSans", "subset": false, "weight": 400}, "HasClip": true, "ObjectID": 252, "Page": 2, "Path": "//Document/L[3]/LI/LBody", "Text": "Document Model: Documents are modeled ass flat ordered list of fields with content. Fields have name, content data, float weight(used for scoring) and other attributes depending on their type. Docuements are not required to have unique identifier. ", "TextSize": 12.005905151367188}, {"Bounds": [52.505096435546875, 455.6627960205078, 65.18333435058594, 471.0663604736328], "Font": {"alt_family_name": "Liberation Sans", "embedded": true, "encoding": "Identity-H", "family_name": "Liberation Sans", "font_type": "CIDFontType2", "italic": false, "monospaced": false, "name": "LiberationSans", "subset": false, "weight": 400}, "HasClip": true, "ObjectID": 253, "Page": 2, "Path": "//Document/L[3]/LI[2]/Lbl", "Text": "2. ", "TextSize": 12.005905151367188}, {"Bounds": [66.01170349121094, 347.6096954345703, 544.7949981689453, 471.0663604736328], "Font": {"alt_family_name": "Liberation Sans", "embedded": true, "encoding": "Identity-H", "family_name": "Liberation Sans", "font_type": "CIDFontType2", "italic": false, "monospaced": false, "name": "LiberationSans", "subset": false, "weight": 400}, "HasClip": true, "ObjectID": 254, "Page": 2, "Path": "//Document/L[3]/LI[2]/LBody", "Text": "Field Types: There are mainly two broad categories of fields in Lucene documents - those that carry content to be inverted(indexed fields) and those with content to be stored as-in(stored fields). Indexed fields can be provided in plain text, which will be passed through text analysis pipeline, or in its final form of sequence of tokens with attributes(called token stream). Token streams are then inverted and added to in-memory segmens which are periodically flushed and merged. Stored fields are typically used for storing auxiliary per-document data that is not searchable but would be cumbersome to obtain otherwise. ", "TextSize": 12.005905151367188}, {"Bounds": [52.505096435546875, 317.5952911376953, 65.18333435058594, 332.9988555908203], "Font": {"alt_family_name": "Liberation Sans", "embedded": true, "encoding": "Identity-H", "family_name": "Liberation Sans", "font_type": "CIDFontType2", "italic": false, "monospaced": false, "name": "LiberationSans", "subset": false, "weight": 400}, "HasClip": true, "ObjectID": 255, "Page": 2, "Path": "//Document/L[3]/LI[3]/Lbl", "Text": "3. ", "TextSize": 12.005905151367188}, {"Bounds": [66.01170349121094, 299.58644104003906, 542.1296997070312, 332.9988555908203], "Font": {"alt_family_name": "Liberation Sans", "embedded": true, "encoding": "Identity-H", "family_name": "Liberation Sans", "font_type": "CIDFontType2", "italic": false, "monospaced": false, "name": "LiberationSans", "subset": false, "weight": 400}, "HasClip": true, "ObjectID": 256, "Page": 2, "Path": "//Document/L[3]/LI[3]/LBody", "Text": "Indexing Chain: The resulting token stream is finally processed by the indexing chain and the suppoted attributes are added to the respective posting lists for each term. ", "TextSize": 12.005905151367188}, {"Bounds": [65.82415771484375, 402.0851593017578, 553.1875762939453, 785.1475524902344], "ObjectID": 287, "Page": 3, "Path": "//Document/Figure[3]", "attributes": {"BBox": [65.99729999999909, 402.2579999999871, 552.9369999999763, 784.9219999999914], "Placement": "Block"}}, {"Bounds": [42.0, 359.11163330078125, 118.31211853027344, 380.2569122314453], "Font": {"alt_family_name": "Liberation Sans", "embedded": true, "encoding": "Identity-H", "family_name": "Liberation Sans", "font_type": "CIDFontType2", "italic": false, "monospaced": false, "name": "LiberationSans-Bold", "subset": false, "weight": 700}, "HasClip": true, "Lang": "en", "ObjectID": 288, "Page": 3, "Path": "//Document/H1[4]", "Text": "Searching ", "TextSize": 15.007293701171875, "attributes": {"LineHeight": 18, "SpaceAfter": 14.875}}, {"Bounds": [42.0, 331.852294921875, 425.00022888183594, 347.255859375], "Font": {"alt_family_name": "Liberation Sans", "embedded": true, "encoding": "Identity-H", "family_name": "Liberation Sans", "font_type": "CIDFontType2", "italic": false, "monospaced": false, "name": "LiberationSans", "subset": false, "weight": 400}, "HasClip": true, "Lang": "en", "ObjectID": 289, "Page": 3, "Path": "//Document/P[4]", "Text": "Lucene's searching concerns can be broken down into a few key areas. ", "TextSize": 12.005905151367188, "attributes": {"LineHeight": 14.375, "SpaceAfter": 15.625}}, {"Bounds": [52.505096435546875, 301.83758544921875, 196.4726104736328, 317.24114990234375], "Font": {"alt_family_name": "Liberation Sans", "embedded": true, "encoding": "Identity-H", "family_name": "Liberation Sans", "font_type": "CIDFontType2", "italic": false, "monospaced": false, "name": "LiberationSans", "subset": false, "weight": 400}, "HasClip": true, "Lang": "en", "ObjectID": 290, "Page": 3, "Path": "//Document/H2[3]", "Text": "1. Query Model and Types ", "TextSize": 12.005905151367188, "attributes": {"LineHeight": 14.375, "SpaceAfter": 12}}, {"Bounds": [66.01170349121094, 181.77862548828125, 550.1256256103516, 287.22645568847656], "Font": {"alt_family_name": "Liberation Sans", "embedded": true, "encoding": "Identity-H", "family_name": "Liberation Sans", "font_type": "CIDFontType2", "italic": false, "monospaced": false, "name": "LiberationSans", "subset": false, "weight": 400}, "HasClip": true, "Lang": "en", "ObjectID": 291, "Page": 3, "Path": "//Document/P[5]", "Text": "Lucene doesn't enforce a particular query language, instead it uses Query objects to perform searches. Several Queries are provided as building locks to express queries and developers can construct their own programmatically or via a Query Parser. Query types in Lucene 4.0 include: terms queries, boolean queries, proximity queries, position based queries, disjunction-max query, payload query. Typically a search is parsed by a Query Parser into a Query Tree. ", "TextSize": 12.005905151367188, "attributes": {"LineHeight": 18, "SpaceAfter": 15.625}}, {"Bounds": [52.505096435546875, 151.76417541503906, 161.0984344482422, 167.16775512695312], "Font": {"alt_family_name": "Liberation Sans", "embedded": true, "encoding": "Identity-H", "family_name": "Liberation Sans", "font_type": "CIDFontType2", "italic": false, "monospaced": false, "name": "LiberationSans", "subset": false, "weight": 400}, "HasClip": true, "Lang": "en", "ObjectID": 292, "Page": 3, "Path": "//Document/H2[4]", "Text": "2. Query Evaluation ", "TextSize": 12.005905151367188, "attributes": {"LineHeight": 14.375, "SpaceAfter": 12}}, {"Bounds": [66.01170349121094, 67.72293090820312, 541.6878814697266, 137.15304565429688], "Font": {"alt_family_name": "Liberation Sans", "embedded": true, "encoding": "Identity-H", "family_name": "Liberation Sans", "font_type": "CIDFontType2", "italic": false, "monospaced": false, "name": "LiberationSans", "subset": false, "weight": 400}, "HasClip": true, "ObjectID": 315, "Page": 3, "Path": "//Document/P[6]/ParagraphSpan", "Text": "When a query is executed, each inverted index segment is processed sequentially for efficiency. For each index segment, the Query generates a Scorer. Scorers typically store documents with a document-at-a-time(DAAT) strategy. Someties term-at-a-time like strategy is also used when number of terms is low. Scorers at leaf nodes in Query Tree ", "TextSize": 12.005905151367188}, {"Bounds": [66.01170349121094, 714.5394439697266, 554.7959136962891, 783.9695739746094], "Font": {"alt_family_name": "Liberation Sans", "embedded": true, "encoding": "Identity-H", "family_name": "Liberation Sans", "font_type": "CIDFontType2", "italic": false, "monospaced": false, "name": "LiberationSans", "subset": false, "weight": 400}, "HasClip": true, "ObjectID": 316, "Page": 4, "Path": "//Document/P[6]/ParagraphSpan[2]", "Text": "typically compute the score by using raw index statistics whereas the Scorers higher up operate on sub-scorers. Finally a Collector is responsible for actually consuming these Scorers and doing something with the results. For example: populating a priority queue with the top-N documents. ", "TextSize": 12.005905151367188}, {"Bounds": [52.505096435546875, 684.5247955322266, 117.69709777832031, 699.9283752441406], "Font": {"alt_family_name": "Liberation Sans", "embedded": true, "encoding": "Identity-H", "family_name": "Liberation Sans", "font_type": "CIDFontType2", "italic": false, "monospaced": false, "name": "LiberationSans", "subset": false, "weight": 400}, "HasClip": true, "Lang": "en", "ObjectID": 294, "Page": 4, "Path": "//Document/H2[5]", "Text": "3. Similarity ", "TextSize": 12.005905151367188, "attributes": {"LineHeight": 14.375, "SpaceAfter": 11.875}}, {"Bounds": [66.01170349121094, 636.5013427734375, 530.0397491455078, 669.9137725830078], "Font": {"alt_family_name": "Liberation Sans", "embedded": true, "encoding": "Identity-H", "family_name": "Liberation Sans", "font_type": "CIDFontType2", "italic": false, "monospaced": false, "name": "LiberationSans", "subset": false, "weight": 400}, "HasClip": true, "Lang": "en", "ObjectID": 295, "Page": 4, "Path": "//Document/P[7]", "Text": "The similarity class implements a policy for scoring terms ans query clauses taking into account term and global index statistics as well as specifics of a query. ", "TextSize": 12.005905151367188, "attributes": {"LineHeight": 18.125, "SpaceAfter": 15.625}}, {"Bounds": [52.505096435546875, 606.4866943359375, 221.1399383544922, 621.8902740478516], "Font": {"alt_family_name": "Liberation Sans", "embedded": true, "encoding": "Identity-H", "family_name": "Liberation Sans", "font_type": "CIDFontType2", "italic": false, "monospaced": false, "name": "LiberationSans", "subset": false, "weight": 400}, "HasClip": true, "Lang": "en", "ObjectID": 296, "Page": 4, "Path": "//Document/H2[6]", "Text": "4. Common Search Extensions ", "TextSize": 12.005905151367188, "attributes": {"LineHeight": 14.375, "SpaceAfter": 12}}, {"Bounds": [66.01170349121094, 558.4631500244141, 520.7711944580078, 591.8755645751953], "Font": {"alt_family_name": "Liberation Sans", "embedded": true, "encoding": "Identity-H", "family_name": "Liberation Sans", "font_type": "CIDFontType2", "italic": false, "monospaced": false, "name": "LiberationSans", "subset": false, "weight": 400}, "HasClip": true, "Lang": "en", "ObjectID": 297, "Page": 4, "Path": "//Document/P[8]", "Text": "Extended query processing capabilities to support(on top fo basic keyword search) to support easier navigation of search results. ", "TextSize": 12.005905151367188, "attributes": {"LineHeight": 18, "SpaceAfter": 18}}, {"Bounds": [42.0, 514.8098754882812, 133.55674743652344, 540.1842651367188], "Font": {"alt_family_name": "Liberation Sans", "embedded": true, "encoding": "Identity-H", "family_name": "Liberation Sans", "font_type": "CIDFontType2", "italic": false, "monospaced": false, "name": "LiberationSans-Bold", "subset": false, "weight": 700}, "HasClip": true, "Lang": "en", "ObjectID": 298, "Page": 4, "Path": "//Document/H2[7]", "Text": "6. Hadoop ", "TextSize": 18.008804321289062, "attributes": {"LineHeight": 21.625, "SpaceAfter": 18}}, {"Bounds": [42.0, 445.90809631347656, 549.4413909912109, 497.32936096191406], "Font": {"alt_family_name": "Liberation Sans", "embedded": true, "encoding": "Identity-H", "family_name": "Liberation Sans", "font_type": "CIDFontType2", "italic": false, "monospaced": false, "name": "LiberationSans", "subset": false, "weight": 400}, "HasClip": true, "Lang": "en", "ObjectID": 299, "Page": 4, "Path": "//Document/P[9]", "Text": "It is an open-source distributed computing framework for processing and storing large datasets in a distributed manner across clusters of commodity hardware. It maps tasks to nodes within a clusters of servers. ", "TextSize": 12.005905151367188, "attributes": {"LineHeight": 18, "SpaceAfter": 18, "TextAlign": "Justify"}}, {"Bounds": [177.62884521484375, 134.2041473388672, 417.3711242675781, 432.4750671386719], "ObjectID": 300, "Page": 4, "Path": "//Document/Figure[4]", "attributes": {"BBox": [177.83299999999872, 134.42899999999645, 417.22299999999814, 432.2569999999978], "Placement": "Block"}}, {"Bounds": [42.0, 117.12124633789062, 181.06434631347656, 134.03756713867188], "Font": {"alt_family_name": "Liberation Sans", "embedded": true, "encoding": "Identity-H", "family_name": "Liberation Sans", "font_type": "CIDFontType2", "italic": false, "monospaced": false, "name": "LiberationSans-Bold", "subset": false, "weight": 700}, "HasClip": true, "Lang": "en", "ObjectID": 301, "Page": 4, "Path": "//Document/H3", "Text": "Components of Hadoop ", "TextSize": 12.005905151367188, "attributes": {"LineHeight": 14.375, "SpaceAfter": 11.875}}, {"Bounds": [52.505096435546875, 87.98298645019531, 65.18333435058594, 103.38655090332031], "Font": {"alt_family_name": "Liberation Sans", "embedded": true, "encoding": "Identity-H", "family_name": "Liberation Sans", "font_type": "CIDFontType2", "italic": false, "monospaced": false, "name": "LiberationSans", "subset": false, "weight": 400}, "HasClip": true, "ObjectID": 354, "Page": 4, "Path": "//Document/L[4]/LI/Lbl", "Text": "1. ", "TextSize": 12.005905151367188}, {"Bounds": [66.01170349121094, 69.97413635253906, 536.7390441894531, 103.38655090332031], "Font": {"alt_family_name": "Liberation Sans", "embedded": true, "encoding": "Identity-H", "family_name": "Liberation Sans", "font_type": "CIDFontType2", "italic": false, "monospaced": false, "name": "LiberationSans", "subset": false, "weight": 400}, "HasClip": true, "ObjectID": 356, "Page": 4, "Path": "//Document/L[4]/LI/LBody/ParagraphSpan", "Text": "HDFS: HDFS is a distributed file system designed to store large volumes of data reliably across multiple machines. ", "TextSize": 12.005905151367188}, {"Bounds": [65.82415771484375, 510.88848876953125, 553.1875762939453, 785.1476440429688], "ObjectID": 357, "Page": 5, "Path": "//Document/L[4]/LI/LBody/Figure", "attributes": {"BBox": [65.99729999999909, 511.0929999999935, 552.9369999999763, 784.9219999999914], "Placement": "Block"}}, {"Bounds": [52.505096435546875, 477.42359924316406, 65.18333435058594, 492.82716369628906], "Font": {"alt_family_name": "Liberation Sans", "embedded": true, "encoding": "Identity-H", "family_name": "Liberation Sans", "font_type": "CIDFontType2", "italic": false, "monospaced": false, "name": "LiberationSans", "subset": false, "weight": 400}, "HasClip": true, "ObjectID": 348, "Page": 5, "Path": "//Document/L[4]/LI[2]/Lbl", "Text": "2. ", "TextSize": 12.005905151367188}, {"Bounds": [66.01170349121094, 459.4147491455078, 520.7471923828125, 492.82716369628906], "Font": {"alt_family_name": "Liberation Sans", "embedded": true, "encoding": "Identity-H", "family_name": "Liberation Sans", "font_type": "CIDFontType2", "italic": false, "monospaced": false, "name": "LiberationSans", "subset": false, "weight": 400}, "HasClip": true, "ObjectID": 350, "Page": 5, "Path": "//Document/L[4]/LI[2]/LBody/ParagraphSpan", "Text": "MapReduce: MapReduce is a programming model and processing engine for parallel processing of large datasets across distributed clusters. ", "TextSize": 12.005905151367188}, {"Bounds": [65.82415771484375, 203.23797607421875, 553.1875762939453, 445.9817352294922], "ObjectID": 351, "Page": 5, "Path": "//Document/L[4]/LI[2]/LBody/Figure", "attributes": {"BBox": [65.99729999999909, 203.42599999999948, 552.9369999999763, 445.8159999999916], "Placement": "Block"}}, {"Bounds": [52.505096435546875, 169.77308654785156, 65.18333435058594, 185.17665100097656], "Font": {"alt_family_name": "Liberation Sans", "embedded": true, "encoding": "Identity-H", "family_name": "Liberation Sans", "font_type": "CIDFontType2", "italic": false, "monospaced": false, "name": "LiberationSans", "subset": false, "weight": 400}, "HasClip": true, "ObjectID": 331, "Page": 5, "Path": "//Document/L[4]/LI[3]/Lbl", "Text": "3. ", "TextSize": 12.005905151367188}, {"Bounds": [66.01170349121094, 151.7642364501953, 519.2152252197266, 185.17665100097656], "Font": {"alt_family_name": "Liberation Sans", "embedded": true, "encoding": "Identity-H", "family_name": "Liberation Sans", "font_type": "CIDFontType2", "italic": false, "monospaced": false, "name": "LiberationSans", "subset": false, "weight": 400}, "HasClip": true, "ObjectID": 333, "Page": 5, "Path": "//Document/L[4]/LI[3]/LBody/ParagraphSpan", "Text": "YARN(Yet Another Resoource Negotiator): YARN is a resource management and job scheduling framework in Hadoop. ", "TextSize": 12.005905151367188}, {"Bounds": [65.82415771484375, 522.1435241699219, 553.1875762939453, 785.1471862792969], "ObjectID": 266, "Page": 6, "Path": "//Document/L[4]/LI[3]/LBody/Figure", "attributes": {"BBox": [65.99729999999909, 522.3729999999923, 552.9369999999763, 784.9219999999914], "Placement": "Block"}}, {"Bounds": [77.26725769042969, 493.0668029785156, 82.51982116699219, 498.3193664550781], "ObjectID": 267, "Page": 6, "Path": "//Document/L[4]/LI[3]/LBody/L/LI/Lbl/Figure", "attributes": {"BBox": [77.63679999999658, 493.4539999999979, 82.0766999999978, 497.8939999999857], "Placement": "Block"}}, {"Bounds": [90.02349853515625, 434.6521453857422, 538.7800445556641, 504.49046325683594], "Font": {"alt_family_name": "Liberation Sans", "embedded": true, "encoding": "Identity-H", "family_name": "Liberation Sans", "font_type": "CIDFontType2", "italic": true, "monospaced": false, "name": "LiberationSans-Italic", "subset": false, "weight": 400}, "HasClip": true, "ObjectID": 268, "Page": 6, "Path": "//Document/L[4]/LI[3]/LBody/L/LI/LBody", "Text": "Resource Manager: Controls the use of resources within hadoop cluster. Contains Scheduler responsible for allocating resources to the applications based on their requirements and Application Manager which accepts job submissions and provides restart on failure. ", "TextSize": 12.005905151367188}, {"Bounds": [77.26725769042969, 409.0256805419922, 82.51982116699219, 414.27825927734375], "ObjectID": 269, "Page": 6, "Path": "//Document/L[4]/LI[3]/LBody/L/LI[2]/Lbl/Figure", "attributes": {"BBox": [77.63679999999658, 409.4579999999987, 82.0766999999978, 413.8969999999972]}}, {"Bounds": [90.02349853515625, 404.6374969482422, 393.3165588378906, 420.4492645263672], "Font": {"alt_family_name": "Liberation Sans", "embedded": true, "encoding": "Identity-H", "family_name": "Liberation Sans", "font_type": "CIDFontType2", "italic": true, "monospaced": false, "name": "LiberationSans-Italic", "subset": false, "weight": 400}, "HasClip": true, "ObjectID": 270, "Page": 6, "Path": "//Document/L[4]/LI[3]/LBody/L/LI[2]/LBody", "Text": "Node Manager: Controls use of resources within a node. ", "TextSize": 12.005905151367188}, {"Bounds": [77.26725769042969, 379.01100158691406, 82.51982116699219, 384.26356506347656], "ObjectID": 271, "Page": 6, "Path": "//Document/L[4]/LI[3]/LBody/L/LI[3]/Lbl/Figure", "attributes": {"BBox": [77.63679999999658, 379.458999999988, 82.0766999999978, 383.89899999999034], "Placement": "Block"}}, {"Bounds": [90.02349853515625, 356.6140441894531, 525.2061767578125, 390.4346618652344], "Font": {"alt_family_name": "Liberation Sans", "embedded": true, "encoding": "Identity-H", "family_name": "Liberation Sans", "font_type": "CIDFontType2", "italic": true, "monospaced": false, "name": "LiberationSans-Italic", "subset": false, "weight": 400}, "HasClip": true, "ObjectID": 272, "Page": 6, "Path": "//Document/L[4]/LI[3]/LBody/L/LI[3]/LBody", "Text": "Application Leader: Works with Resource Manager and Node Manager to acquire resources. ", "TextSize": 12.005905151367188}, {"Bounds": [77.26725769042969, 330.9875030517578, 82.51982116699219, 336.2400817871094], "ObjectID": 273, "Page": 6, "Path": "//Document/L[4]/LI[3]/LBody/L/LI[4]/Lbl/Figure", "attributes": {"BBox": [77.63679999999658, 331.3409999999858, 82.0766999999978, 335.900999999998]}}, {"Bounds": [90.02349853515625, 326.59938049316406, 321.8934631347656, 342.4111633300781], "Font": {"alt_family_name": "Liberation Sans", "embedded": true, "encoding": "Identity-H", "family_name": "Liberation Sans", "font_type": "CIDFontType2", "italic": true, "monospaced": false, "name": "LiberationSans-Italic", "subset": false, "weight": 400}, "HasClip": true, "ObjectID": 274, "Page": 6, "Path": "//Document/L[4]/LI[3]/LBody/L/LI[4]/LBody", "Text": "Containers: Collection of cluster resources. ", "TextSize": 12.005905151367188}, {"Bounds": [52.505096435546875, 296.5846862792969, 65.18333435058594, 311.9882507324219], "Font": {"alt_family_name": "Liberation Sans", "embedded": true, "encoding": "Identity-H", "family_name": "Liberation Sans", "font_type": "CIDFontType2", "italic": false, "monospaced": false, "name": "LiberationSans", "subset": false, "weight": 400}, "HasClip": true, "ObjectID": 275, "Page": 6, "Path": "//Document/L[4]/LI[4]/Lbl", "Text": "4. ", "TextSize": 12.005905151367188}, {"Bounds": [66.01170349121094, 278.5758361816406, 552.7789306640625, 311.9882507324219], "Font": {"alt_family_name": "Liberation Sans", "embedded": true, "encoding": "Identity-H", "family_name": "Liberation Sans", "font_type": "CIDFontType2", "italic": false, "monospaced": false, "name": "LiberationSans", "subset": false, "weight": 400}, "HasClip": true, "ObjectID": 276, "Page": 6, "Path": "//Document/L[4]/LI[4]/LBody", "Text": "Hadoop Common: Hadoop Common provides the libraries, utilities, and APIs used by other Hadoop components. ", "TextSize": 12.005905151367188}], "pages": [{"boxes": {"CropBox": [0.0, 0.0, 594.9599609375, 840.9599609375], "MediaBox": [0.0, 0.0, 594.9599609375, 840.9599609375]}, "height": 840.9599609375, "is_scanned": false, "page_number": 0, "rotation": 0, "width": 594.9599609375}, {"boxes": {"CropBox": [0.0, 0.0, 594.9599609375, 840.9599609375], "MediaBox": [0.0, 0.0, 594.9599609375, 840.9599609375]}, "height": 840.9599609375, "is_scanned": false, "page_number": 1, "rotation": 0, "width": 594.9599609375}, {"boxes": {"CropBox": [0.0, 0.0, 594.9599609375, 840.9599609375], "MediaBox": [0.0, 0.0, 594.9599609375, 840.9599609375]}, "height": 840.9599609375, "is_scanned": false, "page_number": 2, "rotation": 0, "width": 594.9599609375}, {"boxes": {"CropBox": [0.0, 0.0, 594.9599609375, 840.9599609375], "MediaBox": [0.0, 0.0, 594.9599609375, 840.9599609375]}, "height": 840.9599609375, "is_scanned": false, "page_number": 3, "rotation": 0, "width": 594.9599609375}, {"boxes": {"CropBox": [0.0, 0.0, 594.9599609375, 840.9599609375], "MediaBox": [0.0, 0.0, 594.9599609375, 840.9599609375]}, "height": 840.9599609375, "is_scanned": false, "page_number": 4, "rotation": 0, "width": 594.9599609375}, {"boxes": {"CropBox": [0.0, 0.0, 594.9599609375, 840.9599609375], "MediaBox": [0.0, 0.0, 594.9599609375, 840.9599609375]}, "height": 840.9599609375, "is_scanned": false, "page_number": 5, "rotation": 0, "width": 594.9599609375}, {"boxes": {"CropBox": [0.0, 0.0, 594.9599609375, 840.9599609375], "MediaBox": [0.0, 0.0, 594.9599609375, 840.9599609375]}, "height": 840.9599609375, "is_scanned": false, "page_number": 6, "rotation": 0, "width": 594.9599609375}]}