{"version": {"json_export": "201", "page_segmentation": "5", "schema": "1.1.0", "structure": "1.1081.0", "table_structure": "5"}, "extended_metadata": {"ID_instance": "C8 7A 62 AA 98 B9 B2 11 0A 00 67 45 8B 6B C6 23 ", "ID_permanent": "45 37 20 42 44 20 35 46 20 41 41 20 39 38 20 42 39 20 42 32 20 31 31 20 30 41 20 30 30 20 36 37 20 34 35 20 38 42 20 36 42 20 43 36 20 32 33 20 ", "has_acroform": false, "has_embedded_files": false, "is_XFA": false, "is_certified": false, "is_encrypted": false, "is_digitally_signed": false, "language": "en", "page_count": 2, "pdf_version": "1.6", "pdfa_compliance_level": "", "pdfua_compliance_level": ""}, "elements": [{"Bounds": [42.0, 518.9516143798828, 241.4987335205078, 538.0547943115234], "Font": {"alt_family_name": "Arial", "embedded": true, "encoding": "Identity-H", "family_name": "Arial MT", "font_type": "CIDFontType2", "italic": false, "monospaced": false, "name": "BAAAAA+ArialMT", "subset": true, "weight": 400}, "HasClip": true, "Lang": "en", "ObjectID": 125, "Page": 0, "Path": "//Document/Sect/P", "Text": "Sum of Gross Sales by Country ", "TextSize": 13.9949951171875, "attributes": {"LineHeight": 16.75, "SpaceAfter": 16.5}}, {"Bounds": [50.94140625, 323.3249816894531, 437.1300354003906, 509.43748474121094], "ObjectID": 126, "Page": 0, "Path": "//Document/Sect/Figure", "attributes": {"BBox": [50.99789999999848, 326.2899999999936, 437.14199999999255, 509.2829999999958], "BackgroundColor": [0.2274479999999954, 0.2274479999999954, 0.2274479999999954], "Placement": "Block"}}, {"Bounds": [50.94140625, 323.3249816894531, 437.1300354003906, 509.43748474121094], "Font": {"alt_family_name": "Arial", "embedded": true, "encoding": "Identity-H", "family_name": "Arial MT", "font_type": "CIDFontType2", "italic": false, "monospaced": false, "name": "BAAAAA+ArialMT", "subset": true, "weight": 400}, "HasClip": true, "ObjectID": 126, "Page": 0, "Path": "//Document/Sect/Figure", "Text": "0M 10M 20M United States of America Canada France Germany Mexico ", "TextSize": 9.0, "attributes": {"BBox": [50.99789999999848, 326.2899999999936, 437.14199999999255, 509.2829999999958], "BackgroundColor": [0.2274479999999954, 0.2274479999999954, 0.2274479999999954], "Placement": "Block"}}, {"Bounds": [42.0, 266.9516143798828, 229.0571746826172, 286.0547790527344], "Font": {"alt_family_name": "Arial", "embedded": true, "encoding": "Identity-H", "family_name": "Arial MT", "font_type": "CIDFontType2", "italic": false, "monospaced": false, "name": "BAAAAA+ArialMT", "subset": true, "weight": 400}, "HasClip": true, "Lang": "en", "ObjectID": 127, "Page": 0, "Path": "//Document/Sect/P[2]", "Text": "Sum of Units Sold by Country ", "TextSize": 13.9949951171875, "attributes": {"LineHeight": 16.75, "SpaceAfter": 9}}, {"Bounds": [459.00001525878906, 518.9516143798828, 684.9632873535156, 538.0547943115234], "Font": {"alt_family_name": "Arial", "embedded": true, "encoding": "Identity-H", "family_name": "Arial MT", "font_type": "CIDFontType2", "italic": false, "monospaced": false, "name": "BAAAAA+ArialMT", "subset": true, "weight": 400}, "HasClip": true, "Lang": "en", "ObjectID": 128, "Page": 0, "Path": "//Document/Sect/P[3]", "Text": "Sum of Profit by Month and Country ", "TextSize": 13.9949951171875, "attributes": {"LineHeight": 16.75, "SpaceAfter": 18}}, {"Bounds": [459.2344207763672, 284.76966857910156, 946.6875305175781, 487.53562927246094], "ObjectID": 129, "Page": 0, "Path": "//Document/Sect/Figure[2]", "attributes": {"BBox": [459.22099999999045, 284.7719999999972, 946.4009999999835, 486.36399999998685], "BackgroundColor": [0.2274479999999954, 0.2274479999999954, 0.2274479999999954], "Placement": "Block"}}, {"Bounds": [459.2344207763672, 284.76966857910156, 946.6875305175781, 487.53562927246094], "Font": {"alt_family_name": "Arial", "embedded": true, "encoding": "Identity-H", "family_name": "Arial MT", "font_type": "CIDFontType2", "italic": false, "monospaced": false, "name": "BAAAAA+ArialMT", "subset": true, "weight": 400}, "HasClip": true, "ObjectID": 129, "Page": 0, "Path": "//Document/Sect/Figure[2]", "Rotation": 34.99993896484375, "Text": "0.0M 0.5M 1.0M January February March April May June July AugustSeptember OctoberNovemberDecember ", "TextSize": 9.000045776367188, "attributes": {"BBox": [459.22099999999045, 284.7719999999972, 946.4009999999835, 486.36399999998685], "BackgroundColor": [0.2274479999999954, 0.2274479999999954, 0.2274479999999954], "Placement": "Block"}}, {"Bounds": [60.6697998046875, 66.12738037109375, 328.9328155517578, 246.70338439941406], "ObjectID": 130, "Page": 0, "Path": "//Document/Sect/Figure[3]", "attributes": {"BBox": [60.717499999998836, 66.14069999999992, 326.62699999999313, 244.57299999999668], "Placement": "Block"}}, {"Bounds": [60.6697998046875, 66.12738037109375, 328.9328155517578, 246.70338439941406], "Font": {"alt_family_name": "Arial", "embedded": true, "encoding": "Identity-H", "family_name": "Arial MT", "font_type": "CIDFontType2", "italic": false, "monospaced": false, "name": "BAAAAA+ArialMT", "subset": true, "weight": 400}, "HasClip": true, "ObjectID": 130, "Page": 0, "Path": "//Document/Sect/Figure[3]", "Text": "(21.98%) 240.93K (21.4%) 232.63K (20.66%) 203.33K (18.06%) 201.49K (17.9%) 247.43K ", "TextSize": 9.0, "attributes": {"BBox": [60.717499999998836, 66.14069999999992, 326.62699999999313, 244.57299999999668], "Placement": "Block"}}, {"Bounds": [501.0703125, 205.9310760498047, 894.0152435302734, 250.30712890625], "Font": {"alt_family_name": "Lucida Sans Unicode", "embedded": true, "encoding": "Identity-H", "family_name": "Lucida Sans Unicode", "font_type": "CIDFontType2", "italic": false, "monospaced": false, "name": "EAAAAA+LucidaSansUnicode", "subset": true, "weight": 400}, "HasClip": true, "Lang": "en", "ObjectID": 131, "Page": 0, "Path": "//Document/Sect/Title", "Text": "Multinational Sales Analytics ", "TextSize": 27.99749755859375, "attributes": {"LineHeight": 33.625, "SpaceAfter": 18, "TextAlign": "End"}}, {"Bounds": [366.00001525878906, 79.49092102050781, 912.2359161376953, 176.8973846435547], "ObjectID": 132, "Page": 0, "Path": "//Document/Sect/Table", "attributes": {"BBox": [362.1449999999895, 80.30019999999786, 913.8829999999725, 176.29599999999482], "NumCol": 7, "NumRow": 7, "Placement": "Block", "SpaceAfter": 18}}, {"Bounds": [366.00001525878906, 156.70327758789062, 441.8678436279297, 176.8973846435547], "ObjectID": 440, "Page": 0, "Path": "//Document/Sect/Table/TR/TH", "attributes": {"BBox": [362.2649999999994, 157.5769999999975, 477.4609999999957, 176.29599999999482], "BackgroundColor": [0.3411709999999885, 0.2862699999999876, 0.2156829999999985], "BlockAlign": "After", "BorderColor": [null, [0, 0, 0], null, null], "BorderStyle": ["None", "Solid", "None", "None"], "ColIndex": 0, "Height": 18.75, "InlineAlign": "Start", "RowIndex": 0, "Width": 115.25}}, {"Bounds": [404.3672180175781, 163.25079345703125, 441.8678436279297, 176.8973846435547], "Font": {"alt_family_name": "Arial", "embedded": true, "encoding": "Identity-H", "family_name": "Arial MT", "font_type": "CIDFontType2", "italic": false, "monospaced": false, "name": "BAAAAA+ArialMT", "subset": true, "weight": 400}, "HasClip": true, "Lang": "en", "ObjectID": 471, "Page": 0, "Path": "//Document/Sect/Table/TR/TH/P", "Text": "Country ", "TextSize": 9.99749755859375, "attributes": {"LineHeight": 12}}, {"Bounds": [366.00001525878906, 156.70327758789062, 374.86875915527344, 165.35208129882812], "Font": {"alt_family_name": "Power Visuals", "embedded": true, "encoding": "Identity-H", "family_name": "Power Visuals", "font_type": "CIDFontType2", "italic": false, "monospaced": false, "name": "CAAAAA+PowerVisuals", "subset": true, "weight": 400}, "HasClip": true, "Lang": "en", "ObjectID": 472, "Page": 0, "Path": "//Document/Sect/Table/TR/TH/P[2]", "Text": "\ue115 ", "TextSize": 7.095001220703125, "attributes": {"LineHeight": 8.5}}, {"Bounds": [499.44142150878906, 163.25079345703125, 538.0417633056641, 176.8973846435547], "ObjectID": 441, "Page": 0, "Path": "//Document/Sect/Table/TR/TH[2]", "attributes": {"BBox": [477.4609999999957, 157.5769999999975, 553.7769999999728, 176.29599999999482], "BackgroundColor": [0.3411709999999885, 0.2862699999999876, 0.2156829999999985], "BlockAlign": "Before", "BorderColor": [null, [0.2274479999999954, 0.2274479999999954, 0.2274479999999954], null, null], "BorderStyle": ["None", "Solid", "None", "None"], "ColIndex": 1, "Height": 18.75, "InlineAlign": "Center", "RowIndex": 0, "Width": 76.375}}, {"Bounds": [499.44142150878906, 163.25079345703125, 538.0417633056641, 176.8973846435547], "Font": {"alt_family_name": "Arial", "embedded": true, "encoding": "Identity-H", "family_name": "Arial MT", "font_type": "CIDFontType2", "italic": false, "monospaced": false, "name": "BAAAAA+ArialMT", "subset": true, "weight": 400}, "HasClip": true, "Lang": "fi", "ObjectID": 467, "Page": 0, "Path": "//Document/Sect/Table/TR/TH[2]/P", "Text": "Amarilla ", "TextSize": 9.99749755859375, "attributes": {"LineHeight": 12}}, {"Bounds": [568.3828125, 163.25079345703125, 613.1016387939453, 176.8973846435547], "ObjectID": 442, "Page": 0, "Path": "//Document/Sect/Table/TR/TH[3]", "attributes": {"BBox": [553.7769999999728, 157.5769999999975, 625.7749999999942, 176.29599999999482], "BackgroundColor": [0.3411709999999885, 0.2862699999999876, 0.2156829999999985], "BlockAlign": "Before", "BorderColor": [null, [0.2274479999999954, 0.2274479999999954, 0.2274479999999954], null, null], "BorderStyle": ["None", "Solid", "None", "None"], "ColIndex": 2, "Height": 18.75, "InlineAlign": "Center", "RowIndex": 0, "Width": 72}}, {"Bounds": [568.3828125, 163.25079345703125, 613.1016387939453, 176.8973846435547], "Font": {"alt_family_name": "Arial", "embedded": true, "encoding": "Identity-H", "family_name": "Arial MT", "font_type": "CIDFontType2", "italic": false, "monospaced": false, "name": "BAAAAA+ArialMT", "subset": true, "weight": 400}, "HasClip": true, "Lang": "en", "ObjectID": 463, "Page": 0, "Path": "//Document/Sect/Table/TR/TH[3]/P", "Text": "Carretera ", "TextSize": 9.99749755859375, "attributes": {"LineHeight": 12}}, {"Bounds": [642.0469207763672, 163.25079345703125, 683.4465637207031, 176.8973846435547], "ObjectID": 443, "Page": 0, "Path": "//Document/Sect/Table/TR/TH[4]", "attributes": {"BBox": [625.7749999999942, 157.5769999999975, 696.3319999999949, 176.29599999999482], "BackgroundColor": [0.3411709999999885, 0.2862699999999876, 0.2156829999999985], "BlockAlign": "Before", "BorderColor": [null, [0.2274479999999954, 0.2274479999999954, 0.2274479999999954], null, null], "BorderStyle": ["None", "Solid", "None", "None"], "ColIndex": 3, "Height": 18.75, "InlineAlign": "Center", "RowIndex": 0, "Width": 70.375}}, {"Bounds": [642.0469207763672, 163.25079345703125, 683.4465637207031, 176.8973846435547], "Font": {"alt_family_name": "Arial", "embedded": true, "encoding": "Identity-H", "family_name": "Arial MT", "font_type": "CIDFontType2", "italic": false, "monospaced": false, "name": "BAAAAA+ArialMT", "subset": true, "weight": 400}, "HasClip": true, "Lang": "en", "ObjectID": 459, "Page": 0, "Path": "//Document/Sect/Table/TR/TH[4]/P", "Text": "Montana ", "TextSize": 9.99749755859375, "attributes": {"LineHeight": 12}}, {"Bounds": [719.3203277587891, 163.25079345703125, 750.1626129150391, 176.8973846435547], "ObjectID": 444, "Page": 0, "Path": "//Document/Sect/Table/TR/TH[5]", "attributes": {"BBox": [696.3319999999949, 157.5769999999975, 768.4489999999932, 176.29599999999482], "BackgroundColor": [0.3411709999999885, 0.2862699999999876, 0.2156829999999985], "BlockAlign": "Before", "BorderColor": [null, [0.2274479999999954, 0.2274479999999954, 0.2274479999999954], null, null], "BorderStyle": ["None", "Solid", "None", "None"], "ColIndex": 4, "Height": 18.75, "InlineAlign": "Center", "RowIndex": 0, "Width": 72.125}}, {"Bounds": [719.3203277587891, 163.25079345703125, 750.1626129150391, 176.8973846435547], "Font": {"alt_family_name": "Arial", "embedded": true, "encoding": "Identity-H", "family_name": "Arial MT", "font_type": "CIDFontType2", "italic": false, "monospaced": false, "name": "BAAAAA+ArialMT", "subset": true, "weight": 400}, "HasClip": true, "Lang": "en", "ObjectID": 455, "Page": 0, "Path": "//Document/Sect/Table/TR/TH[5]/P", "Text": "Paseo ", "TextSize": 9.99749755859375, "attributes": {"LineHeight": 12}}, {"Bounds": [795.76171875, 163.25079345703125, 817.7142333984375, 176.8973846435547], "ObjectID": 445, "Page": 0, "Path": "//Document/Sect/Table/TR/TH[6]", "attributes": {"BBox": [768.4489999999932, 157.5769999999975, 840.4459999999963, 176.29599999999482], "BackgroundColor": [0.3411709999999885, 0.2862699999999876, 0.2156829999999985], "BlockAlign": "Before", "BorderColor": [null, [0.2274479999999954, 0.2274479999999954, 0.2274479999999954], null, null], "BorderStyle": ["None", "Solid", "None", "None"], "ColIndex": 5, "Height": 18.75, "InlineAlign": "Center", "RowIndex": 0, "Width": 72}}, {"Bounds": [795.76171875, 163.25079345703125, 817.7142333984375, 176.8973846435547], "Font": {"alt_family_name": "Arial", "embedded": true, "encoding": "Identity-H", "family_name": "Arial MT", "font_type": "CIDFontType2", "italic": false, "monospaced": false, "name": "BAAAAA+ArialMT", "subset": true, "weight": 400}, "HasClip": true, "Lang": "en", "ObjectID": 451, "Page": 0, "Path": "//Document/Sect/Table/TR/TH[6]/P", "Text": "Velo ", "TextSize": 9.99749755859375, "attributes": {"LineHeight": 12}}, {"Bounds": [868.0547332763672, 163.25079345703125, 889.4393768310547, 176.8973846435547], "ObjectID": 446, "Page": 0, "Path": "//Document/Sect/Table/TR/TH[7]", "attributes": {"BBox": [840.4459999999963, 157.5769999999975, 913.8829999999725, 176.29599999999482], "BackgroundColor": [0.3411709999999885, 0.2862699999999876, 0.2156829999999985], "BlockAlign": "Before", "BorderColor": [null, [0.2274479999999954, 0.2274479999999954, 0.2274479999999954], null, null], "BorderStyle": ["None", "Solid", "None", "None"], "ColIndex": 6, "Height": 18.75, "InlineAlign": "Center", "RowIndex": 0, "Width": 73.375}}, {"Bounds": [868.0547332763672, 163.25079345703125, 889.4393768310547, 176.8973846435547], "Font": {"alt_family_name": "Arial", "embedded": true, "encoding": "Identity-H", "family_name": "Arial MT", "font_type": "CIDFontType2", "italic": false, "monospaced": false, "name": "BAAAAA+ArialMT", "subset": true, "weight": 400}, "HasClip": true, "Lang": "en", "ObjectID": 447, "Page": 0, "Path": "//Document/Sect/Table/TR/TH[7]/P", "Text": "VTT ", "TextSize": 9.99749755859375, "attributes": {"LineHeight": 12}}, {"Bounds": [366.00001525878906, 143.75079345703125, 403.51063537597656, 157.3973846435547], "ObjectID": 393, "Page": 0, "Path": "//Document/Sect/Table/TR[2]/TD", "attributes": {"BBox": [362.1449999999895, 144.61799999999494, 477.4609999999957, 157.69699999999284], "BackgroundColor": [0.2274479999999954, 0.2274479999999954, 0.2274479999999954], "BlockAlign": "Middle", "BorderColor": [[0, 0, 0], null, [0, 0, 0], [0.247054999999996, 0.247054999999996, 0.247054999999996]], "BorderStyle": ["Solid", "None", "Solid", "Solid"], "BorderThickness": [0, 0, 0.125, 0], "ColIndex": 0, "Height": 13.125, "InlineAlign": "Start", "RowIndex": 1, "Width": 115.375}}, {"Bounds": [366.00001525878906, 143.75079345703125, 403.51063537597656, 157.3973846435547], "Font": {"alt_family_name": "Arial", "embedded": true, "encoding": "Identity-H", "family_name": "Arial MT", "font_type": "CIDFontType2", "italic": false, "monospaced": false, "name": "BAAAAA+ArialMT", "subset": true, "weight": 400}, "HasClip": true, "Lang": "en", "ObjectID": 436, "Page": 0, "Path": "//Document/Sect/Table/TR[2]/TD/P", "Text": "Canada ", "TextSize": 9.99749755859375, "attributes": {"LineHeight": 12}}, {"Bounds": [491.3672180175781, 143.75079345703125, 552.2319946289062, 157.3973846435547], "ObjectID": 394, "Page": 0, "Path": "//Document/Sect/Table/TR[2]/TD[2]", "attributes": {"BBox": [477.3409999999858, 144.4979999999996, 553.8969999999972, 157.5769999999975], "BackgroundColor": [0.2274479999999954, 0.2274479999999954, 0.2274479999999954], "BlockAlign": "Middle", "BorderColor": [null, [0.2588199999999858, 0.2588199999999858, 0.2588199999999858], [0.247054999999996, 0.247054999999996, 0.247054999999996], [0.247054999999996, 0.247054999999996, 0.247054999999996]], "BorderStyle": ["None", "Solid", "Solid", "Solid"], "BorderThickness": [0, 0.125, 0, 0.125], "ColIndex": 1, "Height": 13.125, "InlineAlign": "End", "RowIndex": 1, "Width": 76.375}}, {"Bounds": [491.3672180175781, 143.75079345703125, 552.2319946289062, 157.3973846435547], "Font": {"alt_family_name": "Arial", "embedded": true, "encoding": "Identity-H", "family_name": "Arial MT", "font_type": "CIDFontType2", "italic": false, "monospaced": false, "name": "BAAAAA+ArialMT", "subset": true, "weight": 400}, "HasClip": true, "Lang": "en", "ObjectID": 430, "Page": 0, "Path": "//Document/Sect/Table/TR[2]/TD[2]/P", "Text": "4,164,683.50 ", "TextSize": 9.99749755859375, "attributes": {"LineHeight": 12}}, {"Bounds": [563.3672180175781, 143.75079345703125, 624.2319946289062, 157.3973846435547], "ObjectID": 395, "Page": 0, "Path": "//Document/Sect/Table/TR[2]/TD[3]", "attributes": {"BBox": [553.6569999999774, 144.4979999999996, 625.8949999999895, 157.5769999999975], "BackgroundColor": [0.2274479999999954, 0.2274479999999954, 0.2274479999999954], "BlockAlign": "Middle", "BorderColor": [null, [0.2588199999999858, 0.2588199999999858, 0.2588199999999858], [0.247054999999996, 0.247054999999996, 0.247054999999996], [0.247054999999996, 0.247054999999996, 0.247054999999996]], "BorderStyle": ["None", "Solid", "Solid", "Solid"], "BorderThickness": [0, 0.125, 0.125, 0.125], "ColIndex": 2, "Height": 13.125, "InlineAlign": "End", "RowIndex": 1, "Width": 72.25}}, {"Bounds": [563.3672180175781, 143.75079345703125, 624.2319946289062, 157.3973846435547], "Font": {"alt_family_name": "Arial", "embedded": true, "encoding": "Identity-H", "family_name": "Arial MT", "font_type": "CIDFontType2", "italic": false, "monospaced": false, "name": "BAAAAA+ArialMT", "subset": true, "weight": 400}, "HasClip": true, "Lang": "en", "ObjectID": 424, "Page": 0, "Path": "//Document/Sect/Table/TR[2]/TD[3]/P", "Text": "2,825,853.50 ", "TextSize": 9.99749755859375, "attributes": {"LineHeight": 12}}, {"Bounds": [636.1172180175781, 143.75079345703125, 696.2411804199219, 157.3973846435547], "ObjectID": 396, "Page": 0, "Path": "//Document/Sect/Table/TR[2]/TD[4]", "attributes": {"BBox": [625.6549999999988, 144.4979999999996, 696.4519999999902, 157.5769999999975], "BackgroundColor": [0.2274479999999954, 0.2274479999999954, 0.2274479999999954], "BlockAlign": "Middle", "BorderColor": [null, [0.2588199999999858, 0.2588199999999858, 0.2588199999999858], [0.247054999999996, 0.247054999999996, 0.247054999999996], [0.247054999999996, 0.247054999999996, 0.247054999999996]], "BorderStyle": ["None", "Solid", "Solid", "Solid"], "BorderThickness": [0, 0.125, 0.125, 0.125], "ColIndex": 3, "Height": 13.125, "InlineAlign": "End", "RowIndex": 1, "Width": 70.75}}, {"Bounds": [636.1172180175781, 143.75079345703125, 696.2411804199219, 157.3973846435547], "Font": {"alt_family_name": "Arial", "embedded": true, "encoding": "Identity-H", "family_name": "Arial MT", "font_type": "CIDFontType2", "italic": false, "monospaced": false, "name": "BAAAAA+ArialMT", "subset": true, "weight": 400}, "HasClip": true, "Lang": "en", "ObjectID": 418, "Page": 0, "Path": "//Document/Sect/Table/TR[2]/TD[4]/P", "Text": "2,982,114.50 ", "TextSize": 9.99749755859375, "attributes": {"LineHeight": 12}}, {"Bounds": [707.3672180175781, 143.75079345703125, 768.2320098876953, 157.3973846435547], "ObjectID": 397, "Page": 0, "Path": "//Document/Sect/Table/TR[2]/TD[5]", "attributes": {"BBox": [696.2119999999995, 144.4979999999996, 768.5689999999886, 157.5769999999975], "BackgroundColor": [0.2274479999999954, 0.2274479999999954, 0.2274479999999954], "BlockAlign": "Middle", "BorderColor": [null, [0.2588199999999858, 0.2588199999999858, 0.2588199999999858], [0.247054999999996, 0.247054999999996, 0.247054999999996], [0.247054999999996, 0.247054999999996, 0.247054999999996]], "BorderStyle": ["None", "Solid", "Solid", "Solid"], "BorderThickness": [0, 0.125, 0.125, 0.125], "ColIndex": 4, "Height": 13.125, "InlineAlign": "End", "RowIndex": 1, "Width": 72.375}}, {"Bounds": [707.3672180175781, 143.75079345703125, 768.2320098876953, 157.3973846435547], "Font": {"alt_family_name": "Arial", "embedded": true, "encoding": "Identity-H", "family_name": "Arial MT", "font_type": "CIDFontType2", "italic": false, "monospaced": false, "name": "BAAAAA+ArialMT", "subset": true, "weight": 400}, "HasClip": true, "Lang": "en", "ObjectID": 412, "Page": 0, "Path": "//Document/Sect/Table/TR[2]/TD[5]/P", "Text": "8,172,612.00 ", "TextSize": 9.99749755859375, "attributes": {"LineHeight": 12}}, {"Bounds": [779.3672180175781, 143.75079345703125, 840.2320098876953, 157.3973846435547], "ObjectID": 398, "Page": 0, "Path": "//Document/Sect/Table/TR[2]/TD[6]", "attributes": {"BBox": [768.3289999999979, 144.4979999999996, 840.5659999999916, 157.5769999999975], "BackgroundColor": [0.2274479999999954, 0.2274479999999954, 0.2274479999999954], "BlockAlign": "Middle", "BorderColor": [null, [0.2588199999999858, 0.2588199999999858, 0.2588199999999858], [0.247054999999996, 0.247054999999996, 0.247054999999996], [0.247054999999996, 0.247054999999996, 0.247054999999996]], "BorderStyle": ["None", "Solid", "Solid", "Solid"], "BorderThickness": [0, 0.125, 0.125, 0.125], "ColIndex": 5, "Height": 13.125, "InlineAlign": "End", "RowIndex": 1, "Width": 72.25}}, {"Bounds": [779.3672180175781, 143.75079345703125, 840.2320098876953, 157.3973846435547], "Font": {"alt_family_name": "Arial", "embedded": true, "encoding": "Identity-H", "family_name": "Arial MT", "font_type": "CIDFontType2", "italic": false, "monospaced": false, "name": "BAAAAA+ArialMT", "subset": true, "weight": 400}, "HasClip": true, "Lang": "en", "ObjectID": 406, "Page": 0, "Path": "//Document/Sect/Table/TR[2]/TD[6]/P", "Text": "3,660,387.00 ", "TextSize": 9.99749755859375, "attributes": {"LineHeight": 12}}, {"Bounds": [851.3672332763672, 143.75079345703125, 912.2320098876953, 157.3973846435547], "ObjectID": 399, "Page": 0, "Path": "//Document/Sect/Table/TR[2]/TD[7]", "attributes": {"BBox": [840.3259999999718, 144.4979999999996, 914.002999999997, 157.5769999999975], "BackgroundColor": [0.2274479999999954, 0.2274479999999954, 0.2274479999999954], "BlockAlign": "Middle", "BorderColor": [null, [0.2588199999999858, 0.2588199999999858, 0.2588199999999858], [0.247054999999996, 0.247054999999996, 0.247054999999996], [0.247054999999996, 0.247054999999996, 0.247054999999996]], "BorderStyle": ["None", "Solid", "Solid", "Solid"], "BorderThickness": [0, 0.125, 0.125, 0.125], "ColIndex": 6, "Height": 13.125, "InlineAlign": "End", "RowIndex": 1, "Width": 73.625}}, {"Bounds": [851.3672332763672, 143.75079345703125, 912.2320098876953, 157.3973846435547], "Font": {"alt_family_name": "Arial", "embedded": true, "encoding": "Identity-H", "family_name": "Arial MT", "font_type": "CIDFontType2", "italic": false, "monospaced": false, "name": "BAAAAA+ArialMT", "subset": true, "weight": 400}, "HasClip": true, "Lang": "en", "ObjectID": 400, "Page": 0, "Path": "//Document/Sect/Table/TR[2]/TD[7]/P", "Text": "5,126,513.00 ", "TextSize": 9.99749755859375, "attributes": {"LineHeight": 12}}, {"Bounds": [366.00001525878906, 131.00079345703125, 399.6116027832031, 144.6473846435547], "ObjectID": 346, "Page": 0, "Path": "//Document/Sect/Table/TR[3]/TD", "attributes": {"BBox": [362.1449999999895, 131.6579999999958, 477.4609999999957, 144.61799999999494], "BackgroundColor": [0.2901919999999904, 0.2901919999999904, 0.2901919999999904], "BlockAlign": "Middle", "BorderColor": [null, null, [0, 0, 0], [0.247054999999996, 0.247054999999996, 0.247054999999996]], "BorderStyle": ["None", "None", "Solid", "Solid"], "BorderThickness": [0, 0, 0.125, 0], "ColIndex": 0, "Height": 13, "InlineAlign": "Start", "RowIndex": 2, "Width": 115.375}}, {"Bounds": [366.00001525878906, 131.00079345703125, 399.6116027832031, 144.6473846435547], "Font": {"alt_family_name": "Arial", "embedded": true, "encoding": "Identity-H", "family_name": "Arial MT", "font_type": "CIDFontType2", "italic": false, "monospaced": false, "name": "BAAAAA+ArialMT", "subset": true, "weight": 400}, "HasClip": true, "Lang": "en", "ObjectID": 389, "Page": 0, "Path": "//Document/Sect/Table/TR[3]/TD/P", "Text": "France ", "TextSize": 9.99749755859375, "attributes": {"LineHeight": 12}}, {"Bounds": [491.3672180175781, 131.00079345703125, 552.2319946289062, 144.6473846435547], "ObjectID": 347, "Page": 0, "Path": "//Document/Sect/Table/TR[3]/TD[2]", "attributes": {"BBox": [477.3409999999858, 131.5379999999932, 553.8969999999972, 144.73799999999756], "BackgroundColor": [0.2901919999999904, 0.2901919999999904, 0.2901919999999904], "BlockAlign": "Middle", "BorderColor": [[0.2588199999999858, 0.2588199999999858, 0.2588199999999858], [0.2588199999999858, 0.2588199999999858, 0.2588199999999858], [0.247054999999996, 0.247054999999996, 0.247054999999996], [0.247054999999996, 0.247054999999996, 0.247054999999996]], "BorderStyle": "Solid", "BorderThickness": [0.125, 0.125, 0, 0.125], "ColIndex": 1, "Height": 13.25, "InlineAlign": "End", "RowIndex": 2, "Width": 76.375}}, {"Bounds": [491.3672180175781, 131.00079345703125, 552.2319946289062, 144.6473846435547], "Font": {"alt_family_name": "Arial", "embedded": true, "encoding": "Identity-H", "family_name": "Arial MT", "font_type": "CIDFontType2", "italic": false, "monospaced": false, "name": "BAAAAA+ArialMT", "subset": true, "weight": 400}, "HasClip": true, "Lang": "en", "ObjectID": 383, "Page": 0, "Path": "//Document/Sect/Table/TR[3]/TD[2]/P", "Text": "4,318,664.00 ", "TextSize": 9.99749755859375, "attributes": {"LineHeight": 12}}, {"Bounds": [563.3672180175781, 131.00079345703125, 624.2319946289062, 144.6473846435547], "ObjectID": 348, "Page": 0, "Path": "//Document/Sect/Table/TR[3]/TD[3]", "attributes": {"BBox": [553.6569999999774, 131.5379999999932, 625.8949999999895, 144.73799999999756], "BackgroundColor": [0.2901919999999904, 0.2901919999999904, 0.2901919999999904], "BlockAlign": "Middle", "BorderColor": [[0.2588199999999858, 0.2588199999999858, 0.2588199999999858], [0.2588199999999858, 0.2588199999999858, 0.2588199999999858], [0.247054999999996, 0.247054999999996, 0.247054999999996], [0.247054999999996, 0.247054999999996, 0.247054999999996]], "BorderStyle": "Solid", "BorderThickness": 0.125, "ColIndex": 2, "Height": 13.25, "InlineAlign": "End", "RowIndex": 2, "Width": 72.25}}, {"Bounds": [563.3672180175781, 131.00079345703125, 624.2319946289062, 144.6473846435547], "Font": {"alt_family_name": "Arial", "embedded": true, "encoding": "Identity-H", "family_name": "Arial MT", "font_type": "CIDFontType2", "italic": false, "monospaced": false, "name": "BAAAAA+ArialMT", "subset": true, "weight": 400}, "HasClip": true, "Lang": "en", "ObjectID": 377, "Page": 0, "Path": "//Document/Sect/Table/TR[3]/TD[3]/P", "Text": "3,687,829.50 ", "TextSize": 9.99749755859375, "attributes": {"LineHeight": 12}}, {"Bounds": [635.3672180175781, 131.00079345703125, 696.2320098876953, 144.6473846435547], "ObjectID": 349, "Page": 0, "Path": "//Document/Sect/Table/TR[3]/TD[4]", "attributes": {"BBox": [625.6549999999988, 131.5379999999932, 696.4519999999902, 144.73799999999756], "BackgroundColor": [0.2901919999999904, 0.2901919999999904, 0.2901919999999904], "BlockAlign": "Middle", "BorderColor": [[0.2588199999999858, 0.2588199999999858, 0.2588199999999858], [0.2588199999999858, 0.2588199999999858, 0.2588199999999858], [0.247054999999996, 0.247054999999996, 0.247054999999996], [0.247054999999996, 0.247054999999996, 0.247054999999996]], "BorderStyle": "Solid", "BorderThickness": 0.125, "ColIndex": 3, "Height": 13.25, "InlineAlign": "End", "RowIndex": 2, "Width": 70.75}}, {"Bounds": [635.3672180175781, 131.00079345703125, 696.2320098876953, 144.6473846435547], "Font": {"alt_family_name": "Arial", "embedded": true, "encoding": "Identity-H", "family_name": "Arial MT", "font_type": "CIDFontType2", "italic": false, "monospaced": false, "name": "BAAAAA+ArialMT", "subset": true, "weight": 400}, "HasClip": true, "Lang": "en", "ObjectID": 371, "Page": 0, "Path": "//Document/Sect/Table/TR[3]/TD[4]/P", "Text": "3,843,216.00 ", "TextSize": 9.99749755859375, "attributes": {"LineHeight": 12}}, {"Bounds": [707.3672180175781, 131.00079345703125, 768.2320098876953, 144.6473846435547], "ObjectID": 350, "Page": 0, "Path": "//Document/Sect/Table/TR[3]/TD[5]", "attributes": {"BBox": [696.2119999999995, 131.5379999999932, 768.5689999999886, 144.73799999999756], "BackgroundColor": [0.2901919999999904, 0.2901919999999904, 0.2901919999999904], "BlockAlign": "Middle", "BorderColor": [[0.2588199999999858, 0.2588199999999858, 0.2588199999999858], [0.2588199999999858, 0.2588199999999858, 0.2588199999999858], [0.247054999999996, 0.247054999999996, 0.247054999999996], [0.247054999999996, 0.247054999999996, 0.247054999999996]], "BorderStyle": "Solid", "BorderThickness": 0.125, "ColIndex": 4, "Height": 13.25, "InlineAlign": "End", "RowIndex": 2, "Width": 72.375}}, {"Bounds": [707.3672180175781, 131.00079345703125, 768.2320098876953, 144.6473846435547], "Font": {"alt_family_name": "Arial", "embedded": true, "encoding": "Identity-H", "family_name": "Arial MT", "font_type": "CIDFontType2", "italic": false, "monospaced": false, "name": "BAAAAA+ArialMT", "subset": true, "weight": 400}, "HasClip": true, "Lang": "en", "ObjectID": 365, "Page": 0, "Path": "//Document/Sect/Table/TR[3]/TD[5]/P", "Text": "5,984,767.00 ", "TextSize": 9.99749755859375, "attributes": {"LineHeight": 12}}, {"Bounds": [779.3672180175781, 131.00079345703125, 840.2320098876953, 144.6473846435547], "ObjectID": 351, "Page": 0, "Path": "//Document/Sect/Table/TR[3]/TD[6]", "attributes": {"BBox": [768.3289999999979, 131.5379999999932, 840.5659999999916, 144.73799999999756], "BackgroundColor": [0.2901919999999904, 0.2901919999999904, 0.2901919999999904], "BlockAlign": "Middle", "BorderColor": [[0.2588199999999858, 0.2588199999999858, 0.2588199999999858], [0.2588199999999858, 0.2588199999999858, 0.2588199999999858], [0.247054999999996, 0.247054999999996, 0.247054999999996], [0.247054999999996, 0.247054999999996, 0.247054999999996]], "BorderStyle": "Solid", "BorderThickness": 0.125, "ColIndex": 5, "Height": 13.25, "InlineAlign": "End", "RowIndex": 2, "Width": 72.25}}, {"Bounds": [779.3672180175781, 131.00079345703125, 840.2320098876953, 144.6473846435547], "Font": {"alt_family_name": "Arial", "embedded": true, "encoding": "Identity-H", "family_name": "Arial MT", "font_type": "CIDFontType2", "italic": false, "monospaced": false, "name": "BAAAAA+ArialMT", "subset": true, "weight": 400}, "HasClip": true, "Lang": "en", "ObjectID": 359, "Page": 0, "Path": "//Document/Sect/Table/TR[3]/TD[6]/P", "Text": "4,244,434.50 ", "TextSize": 9.99749755859375, "attributes": {"LineHeight": 12}}, {"Bounds": [851.3672332763672, 131.00079345703125, 912.2320098876953, 144.6473846435547], "ObjectID": 352, "Page": 0, "Path": "//Document/Sect/Table/TR[3]/TD[7]", "attributes": {"BBox": [840.3259999999718, 131.5379999999932, 914.002999999997, 144.73799999999756], "BackgroundColor": [0.2901919999999904, 0.2901919999999904, 0.2901919999999904], "BlockAlign": "Middle", "BorderColor": [[0.2588199999999858, 0.2588199999999858, 0.2588199999999858], [0.2588199999999858, 0.2588199999999858, 0.2588199999999858], [0.247054999999996, 0.247054999999996, 0.247054999999996], [0.247054999999996, 0.247054999999996, 0.247054999999996]], "BorderStyle": "Solid", "BorderThickness": 0.125, "ColIndex": 6, "Height": 13.25, "InlineAlign": "End", "RowIndex": 2, "Width": 73.625}}, {"Bounds": [851.3672332763672, 131.00079345703125, 912.2320098876953, 144.6473846435547], "Font": {"alt_family_name": "Arial", "embedded": true, "encoding": "Identity-H", "family_name": "Arial MT", "font_type": "CIDFontType2", "italic": false, "monospaced": false, "name": "BAAAAA+ArialMT", "subset": true, "weight": 400}, "HasClip": true, "Lang": "en", "ObjectID": 353, "Page": 0, "Path": "//Document/Sect/Table/TR[3]/TD[7]/P", "Text": "4,002,763.50 ", "TextSize": 9.99749755859375, "attributes": {"LineHeight": 12}}, {"Bounds": [366.00001525878906, 118.25079345703125, 409.60911560058594, 131.8973846435547], "ObjectID": 299, "Page": 0, "Path": "//Document/Sect/Table/TR[4]/TD", "attributes": {"BBox": [362.1449999999895, 117.97899999999936, 477.4609999999957, 131.6579999999958], "BackgroundColor": [0.2274479999999954, 0.2274479999999954, 0.2274479999999954], "BlockAlign": "Middle", "BorderColor": [null, [0.247054999999996, 0.247054999999996, 0.247054999999996], [0, 0, 0], [0.247054999999996, 0.247054999999996, 0.247054999999996]], "BorderStyle": ["None", "Solid", "Solid", "Solid"], "BorderThickness": [0, 0, 0.125, 0], "ColIndex": 0, "Height": 13.625, "InlineAlign": "Start", "RowIndex": 3, "Width": 115.375}}, {"Bounds": [366.00001525878906, 118.25079345703125, 409.60911560058594, 131.8973846435547], "Font": {"alt_family_name": "Arial", "embedded": true, "encoding": "Identity-H", "family_name": "Arial MT", "font_type": "CIDFontType2", "italic": false, "monospaced": false, "name": "BAAAAA+ArialMT", "subset": true, "weight": 400}, "HasClip": true, "Lang": "en", "ObjectID": 342, "Page": 0, "Path": "//Document/Sect/Table/TR[4]/TD/P", "Text": "Germany ", "TextSize": 9.99749755859375, "attributes": {"LineHeight": 12}}, {"Bounds": [491.3672180175781, 118.25079345703125, 552.2319946289062, 131.8973846435547], "ObjectID": 300, "Page": 0, "Path": "//Document/Sect/Table/TR[4]/TD[2]", "attributes": {"BBox": [477.3409999999858, 117.85899999999674, 553.8969999999972, 131.77799999999843], "BackgroundColor": [0.2274479999999954, 0.2274479999999954, 0.2274479999999954], "BlockAlign": "Middle", "BorderColor": [[0.2588199999999858, 0.2588199999999858, 0.2588199999999858], [0.2588199999999858, 0.2588199999999858, 0.2588199999999858], [0.247054999999996, 0.247054999999996, 0.247054999999996], [0.247054999999996, 0.247054999999996, 0.247054999999996]], "BorderStyle": "Solid", "BorderThickness": [0.125, 0.125, 0, 0.125], "ColIndex": 1, "Height": 13.875, "InlineAlign": "End", "RowIndex": 3, "Width": 76.375}}, {"Bounds": [491.3672180175781, 118.25079345703125, 552.2319946289062, 131.8973846435547], "Font": {"alt_family_name": "Arial", "embedded": true, "encoding": "Identity-H", "family_name": "Arial MT", "font_type": "CIDFontType2", "italic": false, "monospaced": false, "name": "BAAAAA+ArialMT", "subset": true, "weight": 400}, "HasClip": true, "Lang": "en", "ObjectID": 336, "Page": 0, "Path": "//Document/Sect/Table/TR[4]/TD[2]/P", "Text": "4,123,204.50 ", "TextSize": 9.99749755859375, "attributes": {"LineHeight": 12}}, {"Bounds": [563.3672180175781, 118.25079345703125, 624.2319946289062, 131.8973846435547], "ObjectID": 301, "Page": 0, "Path": "//Document/Sect/Table/TR[4]/TD[3]", "attributes": {"BBox": [553.6569999999774, 117.85899999999674, 625.8949999999895, 131.77799999999843], "BackgroundColor": [0.2274479999999954, 0.2274479999999954, 0.2274479999999954], "BlockAlign": "Middle", "BorderColor": [[0.2588199999999858, 0.2588199999999858, 0.2588199999999858], [0.2588199999999858, 0.2588199999999858, 0.2588199999999858], [0.247054999999996, 0.247054999999996, 0.247054999999996], [0.247054999999996, 0.247054999999996, 0.247054999999996]], "BorderStyle": "Solid", "BorderThickness": 0.125, "ColIndex": 2, "Height": 13.875, "InlineAlign": "End", "RowIndex": 3, "Width": 72.25}}, {"Bounds": [563.3672180175781, 118.25079345703125, 624.2319946289062, 131.8973846435547], "Font": {"alt_family_name": "Arial", "embedded": true, "encoding": "Identity-H", "family_name": "Arial MT", "font_type": "CIDFontType2", "italic": false, "monospaced": false, "name": "BAAAAA+ArialMT", "subset": true, "weight": 400}, "HasClip": true, "Lang": "en", "ObjectID": 330, "Page": 0, "Path": "//Document/Sect/Table/TR[4]/TD[3]/P", "Text": "3,306,376.00 ", "TextSize": 9.99749755859375, "attributes": {"LineHeight": 12}}, {"Bounds": [635.3672180175781, 118.25079345703125, 696.2320098876953, 131.8973846435547], "ObjectID": 302, "Page": 0, "Path": "//Document/Sect/Table/TR[4]/TD[4]", "attributes": {"BBox": [625.6549999999988, 117.85899999999674, 696.4519999999902, 131.77799999999843], "BackgroundColor": [0.2274479999999954, 0.2274479999999954, 0.2274479999999954], "BlockAlign": "Middle", "BorderColor": [[0.2588199999999858, 0.2588199999999858, 0.2588199999999858], [0.2588199999999858, 0.2588199999999858, 0.2588199999999858], [0.247054999999996, 0.247054999999996, 0.247054999999996], [0.247054999999996, 0.247054999999996, 0.247054999999996]], "BorderStyle": "Solid", "BorderThickness": 0.125, "ColIndex": 3, "Height": 13.875, "InlineAlign": "End", "RowIndex": 3, "Width": 70.75}}, {"Bounds": [635.3672180175781, 118.25079345703125, 696.2320098876953, 131.8973846435547], "Font": {"alt_family_name": "Arial", "embedded": true, "encoding": "Identity-H", "family_name": "Arial MT", "font_type": "CIDFontType2", "italic": false, "monospaced": false, "name": "BAAAAA+ArialMT", "subset": true, "weight": 400}, "HasClip": true, "Lang": "en", "ObjectID": 324, "Page": 0, "Path": "//Document/Sect/Table/TR[4]/TD[4]/P", "Text": "3,798,355.00 ", "TextSize": 9.99749755859375, "attributes": {"LineHeight": 12}}, {"Bounds": [707.3672180175781, 118.25079345703125, 768.2320098876953, 131.8973846435547], "ObjectID": 303, "Page": 0, "Path": "//Document/Sect/Table/TR[4]/TD[5]", "attributes": {"BBox": [696.2119999999995, 117.85899999999674, 768.5689999999886, 131.77799999999843], "BackgroundColor": [0.2274479999999954, 0.2274479999999954, 0.2274479999999954], "BlockAlign": "Middle", "BorderColor": [[0.2588199999999858, 0.2588199999999858, 0.2588199999999858], [0.2588199999999858, 0.2588199999999858, 0.2588199999999858], [0.247054999999996, 0.247054999999996, 0.247054999999996], [0.247054999999996, 0.247054999999996, 0.247054999999996]], "BorderStyle": "Solid", "BorderThickness": 0.125, "ColIndex": 4, "Height": 13.875, "InlineAlign": "End", "RowIndex": 3, "Width": 72.375}}, {"Bounds": [707.3672180175781, 118.25079345703125, 768.2320098876953, 131.8973846435547], "Font": {"alt_family_name": "Arial", "embedded": true, "encoding": "Identity-H", "family_name": "Arial MT", "font_type": "CIDFontType2", "italic": false, "monospaced": false, "name": "BAAAAA+ArialMT", "subset": true, "weight": 400}, "HasClip": true, "Lang": "en", "ObjectID": 318, "Page": 0, "Path": "//Document/Sect/Table/TR[4]/TD[5]/P", "Text": "5,555,838.00 ", "TextSize": 9.99749755859375, "attributes": {"LineHeight": 12}}, {"Bounds": [779.3672180175781, 118.25079345703125, 840.2320098876953, 131.8973846435547], "ObjectID": 304, "Page": 0, "Path": "//Document/Sect/Table/TR[4]/TD[6]", "attributes": {"BBox": [768.3289999999979, 117.85899999999674, 840.5659999999916, 131.77799999999843], "BackgroundColor": [0.2274479999999954, 0.2274479999999954, 0.2274479999999954], "BlockAlign": "Middle", "BorderColor": [[0.2588199999999858, 0.2588199999999858, 0.2588199999999858], [0.2588199999999858, 0.2588199999999858, 0.2588199999999858], [0.247054999999996, 0.247054999999996, 0.247054999999996], [0.247054999999996, 0.247054999999996, 0.247054999999996]], "BorderStyle": "Solid", "BorderThickness": 0.125, "ColIndex": 5, "Height": 13.875, "InlineAlign": "End", "RowIndex": 3, "Width": 72.25}}, {"Bounds": [779.3672180175781, 118.25079345703125, 840.2320098876953, 131.8973846435547], "Font": {"alt_family_name": "Arial", "embedded": true, "encoding": "Identity-H", "family_name": "Arial MT", "font_type": "CIDFontType2", "italic": false, "monospaced": false, "name": "BAAAAA+ArialMT", "subset": true, "weight": 400}, "HasClip": true, "Lang": "en", "ObjectID": 312, "Page": 0, "Path": "//Document/Sect/Table/TR[4]/TD[6]/P", "Text": "4,637,903.00 ", "TextSize": 9.99749755859375, "attributes": {"LineHeight": 12}}, {"Bounds": [851.3672332763672, 118.25079345703125, 912.2320098876953, 131.8973846435547], "ObjectID": 305, "Page": 0, "Path": "//Document/Sect/Table/TR[4]/TD[7]", "attributes": {"BBox": [840.3259999999718, 117.85899999999674, 914.002999999997, 131.77799999999843], "BackgroundColor": [0.2274479999999954, 0.2274479999999954, 0.2274479999999954], "BlockAlign": "Middle", "BorderColor": [[0.2588199999999858, 0.2588199999999858, 0.2588199999999858], [0.2588199999999858, 0.2588199999999858, 0.2588199999999858], [0.247054999999996, 0.247054999999996, 0.247054999999996], [0.247054999999996, 0.247054999999996, 0.247054999999996]], "BorderStyle": "Solid", "BorderThickness": 0.125, "ColIndex": 6, "Height": 13.875, "InlineAlign": "End", "RowIndex": 3, "Width": 73.625}}, {"Bounds": [851.3672332763672, 118.25079345703125, 912.2320098876953, 131.8973846435547], "Font": {"alt_family_name": "Arial", "embedded": true, "encoding": "Identity-H", "family_name": "Arial MT", "font_type": "CIDFontType2", "italic": false, "monospaced": false, "name": "BAAAAA+ArialMT", "subset": true, "weight": 400}, "HasClip": true, "Lang": "en", "ObjectID": 306, "Page": 0, "Path": "//Document/Sect/Table/TR[4]/TD[7]/P", "Text": "3,499,791.00 ", "TextSize": 9.99749755859375, "attributes": {"LineHeight": 12}}, {"Bounds": [366.00001525878906, 105.50079345703125, 400.1614685058594, 119.14738464355469], "ObjectID": 252, "Page": 0, "Path": "//Document/Sect/Table/TR[5]/TD", "attributes": {"BBox": [362.1449999999895, 105.0189999999966, 477.4609999999957, 117.97899999999936], "BackgroundColor": [0.2901919999999904, 0.2901919999999904, 0.2901919999999904], "BlockAlign": "Before", "BorderColor": [[0.247054999999996, 0.247054999999996, 0.247054999999996], null, [0, 0, 0], [0.247054999999996, 0.247054999999996, 0.247054999999996]], "BorderStyle": ["Solid", "None", "Solid", "Solid"], "BorderThickness": [0, 0, 0.125, 0], "ColIndex": 0, "Height": 13, "InlineAlign": "Start", "RowIndex": 4, "Width": 115.375}}, {"Bounds": [366.00001525878906, 105.50079345703125, 400.1614685058594, 119.14738464355469], "Font": {"alt_family_name": "Arial", "embedded": true, "encoding": "Identity-H", "family_name": "Arial MT", "font_type": "CIDFontType2", "italic": false, "monospaced": false, "name": "BAAAAA+ArialMT", "subset": true, "weight": 400}, "HasClip": true, "Lang": "en", "ObjectID": 295, "Page": 0, "Path": "//Document/Sect/Table/TR[5]/TD/P", "Text": "Mexico ", "TextSize": 9.99749755859375, "attributes": {"LineHeight": 12}}, {"Bounds": [491.3672180175781, 105.50079345703125, 552.2319946289062, 119.14738464355469], "ObjectID": 253, "Page": 0, "Path": "//Document/Sect/Table/TR[5]/TD[2]", "attributes": {"BBox": [477.3409999999858, 104.89899999999761, 553.8969999999972, 118.09899999999834], "BackgroundColor": [0.2901919999999904, 0.2901919999999904, 0.2901919999999904], "BlockAlign": "Before", "BorderColor": [[0.2588199999999858, 0.2588199999999858, 0.2588199999999858], [0.2588199999999858, 0.2588199999999858, 0.2588199999999858], [0.247054999999996, 0.247054999999996, 0.247054999999996], [0.247054999999996, 0.247054999999996, 0.247054999999996]], "BorderStyle": "Solid", "BorderThickness": [0.125, 0.125, 0, 0.125], "ColIndex": 1, "Height": 13.25, "InlineAlign": "End", "RowIndex": 4, "Width": 76.375}}, {"Bounds": [491.3672180175781, 105.50079345703125, 552.2319946289062, 119.14738464355469], "Font": {"alt_family_name": "Arial", "embedded": true, "encoding": "Identity-H", "family_name": "Arial MT", "font_type": "CIDFontType2", "italic": false, "monospaced": false, "name": "BAAAAA+ArialMT", "subset": true, "weight": 400}, "HasClip": true, "Lang": "en", "ObjectID": 289, "Page": 0, "Path": "//Document/Sect/Table/TR[5]/TD[2]/P", "Text": "3,303,196.00 ", "TextSize": 9.99749755859375, "attributes": {"LineHeight": 12}}, {"Bounds": [564.8555145263672, 105.50079345703125, 624.2386779785156, 119.14738464355469], "ObjectID": 254, "Page": 0, "Path": "//Document/Sect/Table/TR[5]/TD[3]", "attributes": {"BBox": [553.6569999999774, 104.89899999999761, 625.8949999999895, 118.09899999999834], "BackgroundColor": [0.2901919999999904, 0.2901919999999904, 0.2901919999999904], "BlockAlign": "Before", "BorderColor": [[0.2588199999999858, 0.2588199999999858, 0.2588199999999858], [0.2588199999999858, 0.2588199999999858, 0.2588199999999858], [0.247054999999996, 0.247054999999996, 0.247054999999996], [0.247054999999996, 0.247054999999996, 0.247054999999996]], "BorderStyle": "Solid", "BorderThickness": 0.125, "ColIndex": 2, "Height": 13.25, "InlineAlign": "End", "RowIndex": 4, "Width": 72.25}}, {"Bounds": [564.8555145263672, 105.50079345703125, 624.2386779785156, 119.14738464355469], "Font": {"alt_family_name": "Arial", "embedded": true, "encoding": "Identity-H", "family_name": "Arial MT", "font_type": "CIDFontType2", "italic": false, "monospaced": false, "name": "BAAAAA+ArialMT", "subset": true, "weight": 400}, "HasClip": true, "Lang": "en", "ObjectID": 283, "Page": 0, "Path": "//Document/Sect/Table/TR[5]/TD[3]/P", "Text": "3,112,011.00 ", "TextSize": 9.99749755859375, "attributes": {"LineHeight": 12}}, {"Bounds": [635.3672180175781, 105.50079345703125, 696.2320098876953, 119.14738464355469], "ObjectID": 255, "Page": 0, "Path": "//Document/Sect/Table/TR[5]/TD[4]", "attributes": {"BBox": [625.6549999999988, 104.89899999999761, 696.4519999999902, 118.09899999999834], "BackgroundColor": [0.2901919999999904, 0.2901919999999904, 0.2901919999999904], "BlockAlign": "Before", "BorderColor": [[0.2588199999999858, 0.2588199999999858, 0.2588199999999858], [0.2588199999999858, 0.2588199999999858, 0.2588199999999858], [0.247054999999996, 0.247054999999996, 0.247054999999996], [0.247054999999996, 0.247054999999996, 0.247054999999996]], "BorderStyle": "Solid", "BorderThickness": 0.125, "ColIndex": 3, "Height": 13.25, "InlineAlign": "End", "RowIndex": 4, "Width": 70.75}}, {"Bounds": [635.3672180175781, 105.50079345703125, 696.2320098876953, 119.14738464355469], "Font": {"alt_family_name": "Arial", "embedded": true, "encoding": "Identity-H", "family_name": "Arial MT", "font_type": "CIDFontType2", "italic": false, "monospaced": false, "name": "BAAAAA+ArialMT", "subset": true, "weight": 400}, "HasClip": true, "Lang": "en", "ObjectID": 277, "Page": 0, "Path": "//Document/Sect/Table/TR[5]/TD[4]/P", "Text": "2,052,575.00 ", "TextSize": 9.99749755859375, "attributes": {"LineHeight": 12}}, {"Bounds": [707.3672180175781, 105.50079345703125, 768.2320098876953, 119.14738464355469], "ObjectID": 256, "Page": 0, "Path": "//Document/Sect/Table/TR[5]/TD[5]", "attributes": {"BBox": [696.2119999999995, 104.89899999999761, 768.5689999999886, 118.09899999999834], "BackgroundColor": [0.2901919999999904, 0.2901919999999904, 0.2901919999999904], "BlockAlign": "Before", "BorderColor": [[0.2588199999999858, 0.2588199999999858, 0.2588199999999858], [0.2588199999999858, 0.2588199999999858, 0.2588199999999858], [0.247054999999996, 0.247054999999996, 0.247054999999996], [0.247054999999996, 0.247054999999996, 0.247054999999996]], "BorderStyle": "Solid", "BorderThickness": 0.125, "ColIndex": 4, "Height": 13.25, "InlineAlign": "End", "RowIndex": 4, "Width": 72.375}}, {"Bounds": [707.3672180175781, 105.50079345703125, 768.2320098876953, 119.14738464355469], "Font": {"alt_family_name": "Arial", "embedded": true, "encoding": "Identity-H", "family_name": "Arial MT", "font_type": "CIDFontType2", "italic": false, "monospaced": false, "name": "BAAAAA+ArialMT", "subset": true, "weight": 400}, "HasClip": true, "Lang": "en", "ObjectID": 271, "Page": 0, "Path": "//Document/Sect/Table/TR[5]/TD[5]/P", "Text": "8,432,206.00 ", "TextSize": 9.99749755859375, "attributes": {"LineHeight": 12}}, {"Bounds": [779.3672180175781, 105.50079345703125, 840.2320098876953, 119.14738464355469], "ObjectID": 257, "Page": 0, "Path": "//Document/Sect/Table/TR[5]/TD[6]", "attributes": {"BBox": [768.3289999999979, 104.89899999999761, 840.5659999999916, 118.09899999999834], "BackgroundColor": [0.2901919999999904, 0.2901919999999904, 0.2901919999999904], "BlockAlign": "Before", "BorderColor": [[0.2588199999999858, 0.2588199999999858, 0.2588199999999858], [0.2588199999999858, 0.2588199999999858, 0.2588199999999858], [0.247054999999996, 0.247054999999996, 0.247054999999996], [0.247054999999996, 0.247054999999996, 0.247054999999996]], "BorderStyle": "Solid", "BorderThickness": 0.125, "ColIndex": 5, "Height": 13.25, "InlineAlign": "End", "RowIndex": 4, "Width": 72.25}}, {"Bounds": [779.3672180175781, 105.50079345703125, 840.2320098876953, 119.14738464355469], "Font": {"alt_family_name": "Arial", "embedded": true, "encoding": "Identity-H", "family_name": "Arial MT", "font_type": "CIDFontType2", "italic": false, "monospaced": false, "name": "BAAAAA+ArialMT", "subset": true, "weight": 400}, "HasClip": true, "Lang": "en", "ObjectID": 265, "Page": 0, "Path": "//Document/Sect/Table/TR[5]/TD[6]/P", "Text": "2,510,373.00 ", "TextSize": 9.99749755859375, "attributes": {"LineHeight": 12}}, {"Bounds": [851.3672332763672, 105.50079345703125, 912.2320098876953, 119.14738464355469], "ObjectID": 258, "Page": 0, "Path": "//Document/Sect/Table/TR[5]/TD[7]", "attributes": {"BBox": [840.3259999999718, 104.89899999999761, 914.002999999997, 118.09899999999834], "BackgroundColor": [0.2901919999999904, 0.2901919999999904, 0.2901919999999904], "BlockAlign": "Before", "BorderColor": [[0.2588199999999858, 0.2588199999999858, 0.2588199999999858], [0.2588199999999858, 0.2588199999999858, 0.2588199999999858], [0.247054999999996, 0.247054999999996, 0.247054999999996], [0.247054999999996, 0.247054999999996, 0.247054999999996]], "BorderStyle": "Solid", "BorderThickness": 0.125, "ColIndex": 6, "Height": 13.25, "InlineAlign": "End", "RowIndex": 4, "Width": 73.625}}, {"Bounds": [851.3672332763672, 105.50079345703125, 912.2320098876953, 119.14738464355469], "Font": {"alt_family_name": "Arial", "embedded": true, "encoding": "Identity-H", "family_name": "Arial MT", "font_type": "CIDFontType2", "italic": false, "monospaced": false, "name": "BAAAAA+ArialMT", "subset": true, "weight": 400}, "HasClip": true, "Lang": "en", "ObjectID": 259, "Page": 0, "Path": "//Document/Sect/Table/TR[5]/TD[7]/P", "Text": "3,316,574.00 ", "TextSize": 9.99749755859375, "attributes": {"LineHeight": 12}}, {"Bounds": [366.00001525878906, 92.75079345703125, 478.5218811035156, 106.39738464355469], "ObjectID": 203, "Page": 0, "Path": "//Document/Sect/Table/TR[6]/TD", "attributes": {"BBox": [362.1449999999895, 93.49959999999919, 477.4609999999957, 105.0189999999966], "BackgroundColor": [0.2274479999999954, 0.2274479999999954, 0.2274479999999954], "BlockAlign": "Before", "BorderColor": [null, null, [0, 0, 0], [0.247054999999996, 0.247054999999996, 0.247054999999996]], "BorderStyle": ["None", "None", "Solid", "Solid"], "BorderThickness": [0, 0, 0.125, 0], "ColIndex": 0, "Height": 11.5, "InlineAlign": "Start", "RowIndex": 5, "Width": 115.375}}, {"Bounds": [366.00001525878906, 92.75079345703125, 478.5218811035156, 106.39738464355469], "Font": {"alt_family_name": "Arial", "embedded": true, "encoding": "Identity-H", "family_name": "Arial MT", "font_type": "CIDFontType2", "italic": false, "monospaced": false, "name": "BAAAAA+ArialMT", "subset": true, "weight": 400}, "HasClip": true, "Lang": "en", "ObjectID": 246, "Page": 0, "Path": "//Document/Sect/Table/TR[6]/TD/P", "Text": "United States of America ", "TextSize": 9.99749755859375, "attributes": {"LineHeight": 12}}, {"Bounds": [491.3672180175781, 92.75079345703125, 552.2319946289062, 106.39738464355469], "ObjectID": 204, "Page": 0, "Path": "//Document/Sect/Table/TR[6]/TD[2]", "attributes": {"BBox": [477.3409999999858, 93.49959999999919, 553.8969999999972, 105.13899999999921], "BackgroundColor": [0.2274479999999954, 0.2274479999999954, 0.2274479999999954], "BlockAlign": "Before", "BorderColor": [[0.2588199999999858, 0.2588199999999858, 0.2588199999999858], null, [0.247054999999996, 0.247054999999996, 0.247054999999996], [0.247054999999996, 0.247054999999996, 0.247054999999996]], "BorderStyle": ["Solid", "None", "Solid", "Solid"], "BorderThickness": [0.125, 0, 0, 0.125], "ColIndex": 1, "Height": 11.625, "InlineAlign": "End", "RowIndex": 5, "Width": 76.375}}, {"Bounds": [491.3672180175781, 92.75079345703125, 552.2319946289062, 106.39738464355469], "Font": {"alt_family_name": "Arial", "embedded": true, "encoding": "Identity-H", "family_name": "Arial MT", "font_type": "CIDFontType2", "italic": false, "monospaced": false, "name": "BAAAAA+ArialMT", "subset": true, "weight": 400}, "HasClip": true, "Lang": "en", "ObjectID": 240, "Page": 0, "Path": "//Document/Sect/Table/TR[6]/TD[2]/P", "Text": "3,127,531.50 ", "TextSize": 9.99749755859375, "attributes": {"LineHeight": 12}}, {"Bounds": [563.3672180175781, 92.75079345703125, 624.2319946289062, 106.39738464355469], "ObjectID": 205, "Page": 0, "Path": "//Document/Sect/Table/TR[6]/TD[3]", "attributes": {"BBox": [553.6569999999774, 93.49959999999919, 625.8949999999895, 105.13899999999921], "BackgroundColor": [0.2274479999999954, 0.2274479999999954, 0.2274479999999954], "BlockAlign": "Before", "BorderColor": [[0.2588199999999858, 0.2588199999999858, 0.2588199999999858], null, [0.247054999999996, 0.247054999999996, 0.247054999999996], [0.247054999999996, 0.247054999999996, 0.247054999999996]], "BorderStyle": ["Solid", "None", "Solid", "Solid"], "BorderThickness": [0.125, 0, 0.125, 0.125], "ColIndex": 2, "Height": 11.625, "InlineAlign": "End", "RowIndex": 5, "Width": 72.25}}, {"Bounds": [563.3672180175781, 92.75079345703125, 624.2319946289062, 106.39738464355469], "Font": {"alt_family_name": "Arial", "embedded": true, "encoding": "Identity-H", "family_name": "Arial MT", "font_type": "CIDFontType2", "italic": false, "monospaced": false, "name": "BAAAAA+ArialMT", "subset": true, "weight": 400}, "HasClip": true, "Lang": "en", "ObjectID": 234, "Page": 0, "Path": "//Document/Sect/Table/TR[6]/TD[3]/P", "Text": "2,005,450.50 ", "TextSize": 9.99749755859375, "attributes": {"LineHeight": 12}}, {"Bounds": [635.3672180175781, 92.75079345703125, 696.2320098876953, 106.39738464355469], "ObjectID": 206, "Page": 0, "Path": "//Document/Sect/Table/TR[6]/TD[4]", "attributes": {"BBox": [625.6549999999988, 93.49959999999919, 696.4519999999902, 105.13899999999921], "BackgroundColor": [0.2274479999999954, 0.2274479999999954, 0.2274479999999954], "BlockAlign": "Before", "BorderColor": [[0.2588199999999858, 0.2588199999999858, 0.2588199999999858], null, [0.247054999999996, 0.247054999999996, 0.247054999999996], [0.247054999999996, 0.247054999999996, 0.247054999999996]], "BorderStyle": ["Solid", "None", "Solid", "Solid"], "BorderThickness": [0.125, 0, 0.125, 0.125], "ColIndex": 3, "Height": 11.625, "InlineAlign": "End", "RowIndex": 5, "Width": 70.75}}, {"Bounds": [635.3672180175781, 92.75079345703125, 696.2320098876953, 106.39738464355469], "Font": {"alt_family_name": "Arial", "embedded": true, "encoding": "Identity-H", "family_name": "Arial MT", "font_type": "CIDFontType2", "italic": false, "monospaced": false, "name": "BAAAAA+ArialMT", "subset": true, "weight": 400}, "HasClip": true, "Lang": "en", "ObjectID": 228, "Page": 0, "Path": "//Document/Sect/Table/TR[6]/TD[4]/P", "Text": "3,873,574.00 ", "TextSize": 9.99749755859375, "attributes": {"LineHeight": 12}}, {"Bounds": [707.3672180175781, 92.75079345703125, 768.2320098876953, 106.39738464355469], "ObjectID": 207, "Page": 0, "Path": "//Document/Sect/Table/TR[6]/TD[5]", "attributes": {"BBox": [696.2119999999995, 93.49959999999919, 768.5689999999886, 105.13899999999921], "BackgroundColor": [0.2274479999999954, 0.2274479999999954, 0.2274479999999954], "BlockAlign": "Before", "BorderColor": [[0.2588199999999858, 0.2588199999999858, 0.2588199999999858], null, [0.247054999999996, 0.247054999999996, 0.247054999999996], [0.247054999999996, 0.247054999999996, 0.247054999999996]], "BorderStyle": ["Solid", "None", "Solid", "Solid"], "BorderThickness": [0.125, 0, 0.125, 0.125], "ColIndex": 4, "Height": 11.625, "InlineAlign": "End", "RowIndex": 5, "Width": 72.375}}, {"Bounds": [707.3672180175781, 92.75079345703125, 768.2320098876953, 106.39738464355469], "Font": {"alt_family_name": "Arial", "embedded": true, "encoding": "Identity-H", "family_name": "Arial MT", "font_type": "CIDFontType2", "italic": false, "monospaced": false, "name": "BAAAAA+ArialMT", "subset": true, "weight": 400}, "HasClip": true, "Lang": "en", "ObjectID": 222, "Page": 0, "Path": "//Document/Sect/Table/TR[6]/TD[5]/P", "Text": "7,466,239.00 ", "TextSize": 9.99749755859375, "attributes": {"LineHeight": 12}}, {"Bounds": [779.3672180175781, 92.75079345703125, 840.2320098876953, 106.39738464355469], "ObjectID": 208, "Page": 0, "Path": "//Document/Sect/Table/TR[6]/TD[6]", "attributes": {"BBox": [768.3289999999979, 93.49959999999919, 840.5659999999916, 105.13899999999921], "BackgroundColor": [0.2274479999999954, 0.2274479999999954, 0.2274479999999954], "BlockAlign": "Before", "BorderColor": [[0.2588199999999858, 0.2588199999999858, 0.2588199999999858], null, [0.247054999999996, 0.247054999999996, 0.247054999999996], [0.247054999999996, 0.247054999999996, 0.247054999999996]], "BorderStyle": ["Solid", "None", "Solid", "Solid"], "BorderThickness": [0.125, 0, 0.125, 0.125], "ColIndex": 5, "Height": 11.625, "InlineAlign": "End", "RowIndex": 5, "Width": 72.25}}, {"Bounds": [779.3672180175781, 92.75079345703125, 840.2320098876953, 106.39738464355469], "Font": {"alt_family_name": "Arial", "embedded": true, "encoding": "Identity-H", "family_name": "Arial MT", "font_type": "CIDFontType2", "italic": false, "monospaced": false, "name": "BAAAAA+ArialMT", "subset": true, "weight": 400}, "HasClip": true, "Lang": "en", "ObjectID": 216, "Page": 0, "Path": "//Document/Sect/Table/TR[6]/TD[6]/P", "Text": "4,773,671.00 ", "TextSize": 9.99749755859375, "attributes": {"LineHeight": 12}}, {"Bounds": [851.3672332763672, 92.75079345703125, 912.2320098876953, 106.39738464355469], "ObjectID": 209, "Page": 0, "Path": "//Document/Sect/Table/TR[6]/TD[7]", "attributes": {"BBox": [840.3259999999718, 93.49959999999919, 914.002999999997, 105.13899999999921], "BackgroundColor": [0.2274479999999954, 0.2274479999999954, 0.2274479999999954], "BlockAlign": "Before", "BorderColor": [[0.2588199999999858, 0.2588199999999858, 0.2588199999999858], null, [0.247054999999996, 0.247054999999996, 0.247054999999996], [0.247054999999996, 0.247054999999996, 0.247054999999996]], "BorderStyle": ["Solid", "None", "Solid", "Solid"], "BorderThickness": [0.125, 0, 0.125, 0.125], "ColIndex": 6, "Height": 11.625, "InlineAlign": "End", "RowIndex": 5, "Width": 73.625}}, {"Bounds": [851.3672332763672, 92.75079345703125, 912.2320098876953, 106.39738464355469], "Font": {"alt_family_name": "Arial", "embedded": true, "encoding": "Identity-H", "family_name": "Arial MT", "font_type": "CIDFontType2", "italic": false, "monospaced": false, "name": "BAAAAA+ArialMT", "subset": true, "weight": 400}, "HasClip": true, "Lang": "en", "ObjectID": 210, "Page": 0, "Path": "//Document/Sect/Table/TR[6]/TD[7]/P", "Text": "6,022,892.00 ", "TextSize": 9.99749755859375, "attributes": {"LineHeight": 12}}, {"Bounds": [366.00001525878906, 79.49092102050781, 391.6396026611328, 93.80734252929688], "ObjectID": 140, "Page": 0, "Path": "//Document/Sect/Table/TR[7]/TD", "attributes": {"BBox": [362.1449999999895, 80.18019999999888, 477.4609999999957, 93.49959999999919], "BackgroundColor": [0.2274479999999954, 0.2274479999999954, 0.2274479999999954], "BlockAlign": "Middle", "BorderColor": [null, [0, 0, 0], [0, 0, 0], [0.247054999999996, 0.247054999999996, 0.247054999999996]], "BorderStyle": ["None", "Solid", "Solid", "Solid"], "BorderThickness": [0, 0.125, 0.125, 0], "ColIndex": 0, "Height": 13.375, "InlineAlign": "Start", "RowIndex": 6, "Width": 115.375}}, {"Bounds": [366.00001525878906, 79.49092102050781, 391.6396026611328, 93.80734252929688], "Font": {"alt_family_name": "Arial", "embedded": true, "encoding": "Identity-H", "family_name": "Arial", "font_type": "CIDFontType2", "italic": false, "monospaced": false, "name": "DAAAAA+Arial-BoldMT", "subset": true, "weight": 700}, "HasClip": true, "Lang": "en", "ObjectID": 199, "Page": 0, "Path": "//Document/Sect/Table/TR[7]/TD/P", "Text": "Total ", "TextSize": 9.99749755859375, "attributes": {"LineHeight": 12}}, {"Bounds": [485.81251525878906, 79.49092102050781, 552.2359008789062, 93.80734252929688], "ObjectID": 141, "Page": 0, "Path": "//Document/Sect/Table/TR[7]/TD[2]", "attributes": {"BBox": [477.3409999999858, 80.30019999999786, 553.8969999999972, 93.49959999999919], "BackgroundColor": [0.2274479999999954, 0.2274479999999954, 0.2274479999999954], "BlockAlign": "Middle", "BorderColor": [null, null, [0.247054999999996, 0.247054999999996, 0.247054999999996], [0.247054999999996, 0.247054999999996, 0.247054999999996]], "BorderStyle": ["None", "None", "Solid", "Solid"], "BorderThickness": [0, 0, 0, 0.125], "ColIndex": 1, "Height": 13.25, "InlineAlign": "End", "RowIndex": 6, "Width": 76.375}}, {"Bounds": [485.81251525878906, 79.49092102050781, 552.2359008789062, 93.80734252929688], "Font": {"alt_family_name": "Arial", "embedded": true, "encoding": "Identity-H", "family_name": "Arial", "font_type": "CIDFontType2", "italic": false, "monospaced": false, "name": "DAAAAA+Arial-BoldMT", "subset": true, "weight": 700}, "HasClip": true, "Lang": "en", "ObjectID": 193, "Page": 0, "Path": "//Document/Sect/Table/TR[7]/TD[2]/P", "Text": "19,037,279.50 ", "TextSize": 9.99749755859375, "attributes": {"LineHeight": 12}}, {"Bounds": [557.8125152587891, 79.49092102050781, 624.2359161376953, 93.80734252929688], "ObjectID": 142, "Page": 0, "Path": "//Document/Sect/Table/TR[7]/TD[3]", "attributes": {"BBox": [553.6569999999774, 80.30019999999786, 625.8949999999895, 93.49959999999919], "BackgroundColor": [0.2274479999999954, 0.2274479999999954, 0.2274479999999954], "BlockAlign": "Middle", "BorderColor": [null, null, [0.247054999999996, 0.247054999999996, 0.247054999999996], [0.247054999999996, 0.247054999999996, 0.247054999999996]], "BorderStyle": ["None", "None", "Solid", "Solid"], "BorderThickness": [0, 0, 0.125, 0.125], "ColIndex": 2, "Height": 13.25, "InlineAlign": "End", "RowIndex": 6, "Width": 72.25}}, {"Bounds": [557.8125152587891, 79.49092102050781, 624.2359161376953, 93.80734252929688], "Font": {"alt_family_name": "Arial", "embedded": true, "encoding": "Identity-H", "family_name": "Arial", "font_type": "CIDFontType2", "italic": false, "monospaced": false, "name": "DAAAAA+Arial-BoldMT", "subset": true, "weight": 700}, "HasClip": true, "Lang": "en", "ObjectID": 187, "Page": 0, "Path": "//Document/Sect/Table/TR[7]/TD[3]/P", "Text": "14,937,520.50 ", "TextSize": 9.99749755859375, "attributes": {"LineHeight": 12}}, {"Bounds": [629.8125152587891, 79.49092102050781, 696.2359161376953, 93.80734252929688], "ObjectID": 143, "Page": 0, "Path": "//Document/Sect/Table/TR[7]/TD[4]", "attributes": {"BBox": [625.6549999999988, 80.30019999999786, 696.4519999999902, 93.49959999999919], "BackgroundColor": [0.2274479999999954, 0.2274479999999954, 0.2274479999999954], "BlockAlign": "Middle", "BorderColor": [null, null, [0.247054999999996, 0.247054999999996, 0.247054999999996], [0.247054999999996, 0.247054999999996, 0.247054999999996]], "BorderStyle": ["None", "None", "Solid", "Solid"], "BorderThickness": [0, 0, 0.125, 0.125], "ColIndex": 3, "Height": 13.25, "InlineAlign": "End", "RowIndex": 6, "Width": 70.75}}, {"Bounds": [629.8125152587891, 79.49092102050781, 696.2359161376953, 93.80734252929688], "Font": {"alt_family_name": "Arial", "embedded": true, "encoding": "Identity-H", "family_name": "Arial", "font_type": "CIDFontType2", "italic": false, "monospaced": false, "name": "DAAAAA+Arial-BoldMT", "subset": true, "weight": 700}, "HasClip": true, "Lang": "en", "ObjectID": 181, "Page": 0, "Path": "//Document/Sect/Table/TR[7]/TD[4]/P", "Text": "16,549,834.50 ", "TextSize": 9.99749755859375, "attributes": {"LineHeight": 12}}, {"Bounds": [702.3633270263672, 79.49092102050781, 768.2368469238281, 93.80734252929688], "ObjectID": 144, "Page": 0, "Path": "//Document/Sect/Table/TR[7]/TD[5]", "attributes": {"BBox": [696.2119999999995, 80.30019999999786, 768.5689999999886, 93.49959999999919], "BackgroundColor": [0.2274479999999954, 0.2274479999999954, 0.2274479999999954], "BlockAlign": "Middle", "BorderColor": [null, null, [0.247054999999996, 0.247054999999996, 0.247054999999996], [0.247054999999996, 0.247054999999996, 0.247054999999996]], "BorderStyle": ["None", "None", "Solid", "Solid"], "BorderThickness": [0, 0, 0.125, 0.125], "ColIndex": 4, "Height": 13.25, "InlineAlign": "End", "RowIndex": 6, "Width": 72.375}}, {"Bounds": [702.3633270263672, 79.49092102050781, 768.2368469238281, 93.80734252929688], "Font": {"alt_family_name": "Arial", "embedded": true, "encoding": "Identity-H", "family_name": "Arial", "font_type": "CIDFontType2", "italic": false, "monospaced": false, "name": "DAAAAA+Arial-BoldMT", "subset": true, "weight": 700}, "HasClip": true, "Lang": "en", "ObjectID": 175, "Page": 0, "Path": "//Document/Sect/Table/TR[7]/TD[5]/P", "Text": "35,611,662.00 ", "TextSize": 9.99749755859375, "attributes": {"LineHeight": 12}}, {"Bounds": [773.8125305175781, 79.49092102050781, 840.2359161376953, 93.80734252929688], "ObjectID": 145, "Page": 0, "Path": "//Document/Sect/Table/TR[7]/TD[6]", "attributes": {"BBox": [768.3289999999979, 80.30019999999786, 840.5659999999916, 93.49959999999919], "BackgroundColor": [0.2274479999999954, 0.2274479999999954, 0.2274479999999954], "BlockAlign": "Middle", "BorderColor": [null, null, [0.247054999999996, 0.247054999999996, 0.247054999999996], [0.247054999999996, 0.247054999999996, 0.247054999999996]], "BorderStyle": ["None", "None", "Solid", "Solid"], "BorderThickness": [0, 0, 0.125, 0.125], "ColIndex": 5, "Height": 13.25, "InlineAlign": "End", "RowIndex": 6, "Width": 72.25}}, {"Bounds": [773.8125305175781, 79.49092102050781, 840.2359161376953, 93.80734252929688], "Font": {"alt_family_name": "Arial", "embedded": true, "encoding": "Identity-H", "family_name": "Arial", "font_type": "CIDFontType2", "italic": false, "monospaced": false, "name": "DAAAAA+Arial-BoldMT", "subset": true, "weight": 700}, "HasClip": true, "Lang": "en", "ObjectID": 169, "Page": 0, "Path": "//Document/Sect/Table/TR[7]/TD[6]/P", "Text": "19,826,768.50 ", "TextSize": 9.99749755859375, "attributes": {"LineHeight": 12}}, {"Bounds": [845.8125305175781, 79.49092102050781, 912.2359161376953, 93.80734252929688], "ObjectID": 146, "Page": 0, "Path": "//Document/Sect/Table/TR[7]/TD[7]", "attributes": {"BBox": [840.3259999999718, 80.30019999999786, 914.002999999997, 93.49959999999919], "BackgroundColor": [0.2274479999999954, 0.2274479999999954, 0.2274479999999954], "BlockAlign": "Middle", "BorderColor": [null, null, [0.247054999999996, 0.247054999999996, 0.247054999999996], [0.247054999999996, 0.247054999999996, 0.247054999999996]], "BorderStyle": ["None", "None", "Solid", "Solid"], "BorderThickness": [0, 0, 0.125, 0.125], "ColIndex": 6, "Height": 13.25, "InlineAlign": "End", "RowIndex": 6, "Width": 73.625}}, {"Bounds": [845.8125305175781, 79.49092102050781, 912.2359161376953, 93.80734252929688], "Font": {"alt_family_name": "Arial", "embedded": true, "encoding": "Identity-H", "family_name": "Arial", "font_type": "CIDFontType2", "italic": false, "monospaced": false, "name": "DAAAAA+Arial-BoldMT", "subset": true, "weight": 700}, "HasClip": true, "Lang": "en", "ObjectID": 147, "Page": 0, "Path": "//Document/Sect/Table/TR[7]/TD[7]/P", "Text": "21,968,533.50 ", "TextSize": 9.99749755859375, "attributes": {"LineHeight": 12}}, {"Bounds": [-93.75001525878906, 6.7499542236328125, 980.4599914550781, 538.0547943115234], "ClipBounds": [-93.75001525878906, 6.7499542236328125, 980.4599914550781, 538.0547943115234], "ObjectID": 487, "Page": 1, "Path": "//Document/Sect/Reference/Figure", "attributes": {"BBox": [38.27839999999924, 40.34179999999833, 952.6409999999742, 536.2819999999774], "Placement": "Block"}}, {"Bounds": [-93.75001525878906, 6.7499542236328125, 980.4599914550781, 538.0547943115234], "ClipBounds": [-93.75001525878906, 6.7499542236328125, 980.4599914550781, 538.0547943115234], "Font": {"alt_family_name": "Lucida Sans Unicode", "embedded": true, "encoding": "Identity-H", "family_name": "Lucida Sans Unicode", "font_type": "CIDFontType2", "italic": false, "monospaced": false, "name": "EAAAAA+LucidaSansUnicode", "subset": true, "weight": 400}, "HasClip": true, "ObjectID": 487, "Page": 1, "Path": "//Document/Sect/Reference/Figure", "Rotation": 34.99993896484375, "Text": "Sum of Gross Sales by Country 0M 5M 10M 15M 20M 25M Germany Sum of Gross Sales by Product Country \ue116 Amarilla Carretera Montana Paseo Velo VTT Germany 4,123,204.50 3,306,376.00 3,798,355.00 5,555,838.00 4,637,903.00 3,499,791.00 Sum of Units Sold by Country (27.64%) 55.69K Country Germany \ue972 \ue118 \u00a9 2023 Microsoft\u00a9 2023 Microsoft CorporationCorporation Sum of Profit by Month and Country 0.0M 0.1M 0.2M January February March April May June July AugustSeptember OctoberNovemberDecember Multinational Sales Analytics Analyst: Diwas Adhikari ", "TextSize": 27.99749755859375, "attributes": {"BBox": [38.27839999999924, 40.34179999999833, 952.6409999999742, 536.2819999999774], "Placement": "Block"}}], "pages": [{"boxes": {"CropBox": [0.0, 0.0, 996.0, 576.0], "MediaBox": [0.0, 0.0, 996.0, 576.0]}, "height": 576.0, "is_scanned": false, "page_number": 0, "rotation": 0, "width": 996.0}, {"boxes": {"CropBox": [0.0, 0.0, 996.0, 576.0], "MediaBox": [0.0, 0.0, 996.0, 576.0]}, "height": 576.0, "is_scanned": false, "page_number": 1, "rotation": 0, "width": 996.0}]}